"","...1","GO.ID","Term","Annotated","Significant","Expected","raw.p.value","Module"
"1",11,"GO:0019900","kinase binding",69,18,5.89,"0.00011","4"
"2",12,"GO:0017018","myosin phosphatase activity",68,15,5.81,"0.00016","4"
"3",13,"GO:0005484","SNAP receptor activity",28,9,2.39,"0.00016","4"
"4",14,"GO:0003872","6-phosphofructokinase activity",3,3,0.26,"0.00045","4"
"5",15,"GO:0005525","GTP binding",67,14,5.72,"0.00048","4"
"6",16,"GO:0008194","UDP-glycosyltransferase activity",143,29,12.21,"0.00067","4"
"7",17,"GO:0000166","nucleotide binding",486,68,41.51,"0.00073","4"
"8",18,"GO:0016301","kinase activity",580,106,49.54,"0.00081","4"
"9",19,"GO:0016762","xyloglucan:xyloglucosyl transferase activity",18,6,1.54,"0.00168","4"
"10",20,"GO:0004805","trehalose-phosphatase activity",4,3,0.34,"0.00171","4"
"11",21,"GO:0046982","protein heterodimerization activity",68,13,5.81,"0.00178","4"
"12",22,"GO:0038023","signaling receptor activity",100,26,8.54,"0.00218","4"
"13",23,"GO:0016298","lipase activity",54,11,4.61,"0.00233","4"
"14",24,"GO:0046983","protein dimerization activity",307,49,26.22,"0.00243","4"
"15",25,"GO:0044389","ubiquitin-like protein ligase binding",26,7,2.22,"0.00278","4"
"16",26,"GO:0004714","transmembrane receptor protein tyrosine kinase activity",33,8,2.82,"0.00290","4"
"17",27,"GO:0004713","protein tyrosine kinase activity",42,12,3.59,"0.00313","4"
"18",28,"GO:0004842","ubiquitin-protein transferase activity",192,26,16.4,"0.00330","4"
"19",29,"GO:0004712","protein serine/threonine/tyrosine kinase activity",34,8,2.9,"0.00354","4"
"20",30,"GO:0005319","lipid transporter activity",34,8,2.9,"0.00354","4"
"21",31,"GO:0019901","protein kinase binding",42,9,3.59,"0.00398","4"
"22",32,"GO:0016731","oxidoreductase activity, acting on iron-sulfur proteins as donors, NAD or NADP as acceptor",5,3,0.43,"0.00402","4"
"23",33,"GO:0043531","ADP binding",15,5,1.28,"0.00415","4"
"24",34,"GO:0033612","receptor serine/threonine kinase binding",15,5,1.28,"0.00415","4"
"25",35,"GO:0016758","hexosyltransferase activity",195,41,16.65,"0.00441","4"
"26",36,"GO:0046527","glucosyltransferase activity",86,18,7.34,"0.00505","4"
"27",37,"GO:0016491","oxidoreductase activity",621,68,53.04,"0.00505","4"
"28",38,"GO:0043168","anion binding",550,70,46.97,"0.00556","4"
"29",39,"GO:0052736","beta-glucanase activity",2,2,0.17,"0.00590","4"
"30",40,"GO:0050373","UDP-arabinose 4-epimerase activity",2,2,0.17,"0.00590","4"
"31",41,"GO:0004478","methionine adenosyltransferase activity",2,2,0.17,"0.00590","4"
"32",42,"GO:0015185","gamma-aminobutyric acid transmembrane transporter activity",2,2,0.17,"0.00590","4"
"33",43,"GO:0004888","transmembrane signaling receptor activity",68,18,5.81,"0.00725","4"
"34",44,"GO:0042803","protein homodimerization activity",135,19,11.53,"0.00733","4"
"35",45,"GO:0008061","chitin binding",6,3,0.51,"0.00758","4"
"36",46,"GO:0016413","O-acetyltransferase activity",31,7,2.65,"0.00794","4"
"37",47,"GO:0046872","metal ion binding",792,93,67.64,"0.00953","4"
"38",48,"GO:0019199","transmembrane receptor protein kinase activity",51,13,4.36,"0.00956","4"
"39",49,"GO:0042802","identical protein binding",238,34,20.33,"0.01113","4"
"40",50,"GO:0005102","signaling receptor binding",22,8,1.88,"0.01239","4"
"41",51,"GO:0030527","structural constituent of chromatin",19,5,1.62,"0.01242","4"
"42",52,"GO:0005355","glucose transmembrane transporter activity",7,3,0.6,"0.01251","4"
"43",53,"GO:0017076","purine nucleotide binding",329,48,28.1,"0.01252","4"
"44",54,"GO:0003924","GTPase activity",104,15,8.88,"0.01299","4"
"45",55,"GO:0051213","dioxygenase activity",59,10,5.04,"0.01365","4"
"46",56,"GO:0030554","adenyl nucleotide binding",262,34,22.38,"0.01391","4"
"47",57,"GO:0046914","transition metal ion binding",592,60,50.56,"0.01612","4"
"48",58,"GO:0008270","zinc ion binding",357,39,30.49,"0.01621","4"
"49",59,"GO:0032440","2-alkenal reductase [NAD(P)+] activity",3,2,0.26,"0.01679","4"
"50",60,"GO:0005179","hormone activity",3,2,0.26,"0.01679","4"
"51",61,"GO:0047259","glucomannan 4-beta-mannosyltransferase activity",3,2,0.26,"0.01679","4"
"52",62,"GO:0015018","galactosylgalactosylxylosylprotein 3-beta-glucuronosyltransferase activity",3,2,0.26,"0.01679","4"
"53",63,"GO:0048018","receptor ligand activity",3,2,0.26,"0.01679","4"
"54",64,"GO:0003978","UDP-glucose 4-epimerase activity",3,2,0.26,"0.01679","4"
"55",65,"GO:0030545","signaling receptor regulator activity",3,2,0.26,"0.01679","4"
"56",66,"GO:0030546","signaling receptor activator activity",3,2,0.26,"0.01679","4"
"57",67,"GO:0004473","malate dehydrogenase (decarboxylating) (NADP+) activity",3,2,0.26,"0.01679","4"
"58",68,"GO:0002094","polyprenyltransferase activity",3,2,0.26,"0.01679","4"
"59",69,"GO:0030599","pectinesterase activity",28,6,2.39,"0.01766","4"
"60",70,"GO:0000987","cis-regulatory region sequence-specific DNA binding",109,15,9.31,"0.01939","4"
"61",71,"GO:0004620","phospholipase activity",29,6,2.48,"0.02086","4"
"62",72,"GO:0032553","ribonucleotide binding",340,48,29.04,"0.02154","4"
"63",73,"GO:0050660","flavin adenine dinucleotide binding",73,11,6.23,"0.02293","4"
"64",74,"GO:0016790","thiolester hydrolase activity",22,5,1.88,"0.02324","4"
"65",75,"GO:0003779","actin binding",64,10,5.47,"0.02332","4"
"66",76,"GO:0043621","protein self-association",64,10,5.47,"0.02332","4"
"67",77,"GO:0032555","purine ribonucleotide binding",321,46,27.42,"0.02444","4"
"68",78,"GO:2001070","starch binding",9,3,0.77,"0.02674","4"
"69",79,"GO:0004709","MAP kinase kinase kinase activity",9,3,0.77,"0.02674","4"
"70",80,"GO:0042285","xylosyltransferase activity",9,3,0.77,"0.02674","4"
"71",81,"GO:0031625","ubiquitin protein ligase binding",23,5,1.96,"0.02787","4"
"72",82,"GO:0032559","adenyl ribonucleotide binding",256,32,21.86,"0.02945","4"
"73",83,"GO:0015291","secondary active transmembrane transporter activity",135,17,11.53,"0.02957","4"
"74",84,"GO:0016759","cellulose synthase activity",16,4,1.37,"0.02990","4"
"75",85,"GO:0008948","oxaloacetate decarboxylase activity",4,2,0.34,"0.03187","4"
"76",86,"GO:0008937","ferredoxin-NAD(P) reductase activity",4,2,0.34,"0.03187","4"
"77",87,"GO:0008728","GTP diphosphokinase activity",4,2,0.34,"0.03187","4"
"78",88,"GO:0004324","ferredoxin-NADP+ reductase activity",4,2,0.34,"0.03187","4"
"79",89,"GO:1902387","ceramide 1-phosphate binding",4,2,0.34,"0.03187","4"
"80",90,"GO:1902388","ceramide 1-phosphate transfer activity",4,2,0.34,"0.03187","4"
"81",91,"GO:0016843","amine-lyase activity",4,2,0.34,"0.03187","4"
"82",92,"GO:0004470","malic enzyme activity",4,2,0.34,"0.03187","4"
"83",93,"GO:0004471","malate dehydrogenase (decarboxylating) (NAD+) activity",4,2,0.34,"0.03187","4"
"84",94,"GO:0120016","sphingolipid transfer activity",4,2,0.34,"0.03187","4"
"85",95,"GO:0120017","ceramide transfer activity",4,2,0.34,"0.03187","4"
"86",96,"GO:0046624","sphingolipid transporter activity",4,2,0.34,"0.03187","4"
"87",97,"GO:0015172","acidic amino acid transmembrane transporter activity",4,2,0.34,"0.03187","4"
"88",98,"GO:0022804","active transmembrane transporter activity",264,29,22.55,"0.03239","4"
"89",99,"GO:0016628","oxidoreductase activity, acting on the CH-CH group of donors, NAD or NADP as acceptor",24,5,2.05,"0.03304","4"
"90",100,"GO:0016705","oxidoreductase activity, acting on paired donors, with incorporation or reduction of molecular oxygen",127,16,10.85,"0.03393","4"
"91",101,"GO:0004672","protein kinase activity",446,85,38.09,"0.03414","4"
"92",102,"GO:0005543","phospholipid binding",97,13,8.28,"0.03416","4"
"93",103,"GO:0035639","purine ribonucleoside triphosphate binding",302,40,25.79,"0.03496","4"
"94",104,"GO:0005217","intracellular ligand-gated ion channel activity",10,3,0.85,"0.03606","4"
"95",105,"GO:0120013","lipid transfer activity",10,3,0.85,"0.03606","4"
"96",106,"GO:0120014","phospholipid transfer activity",10,3,0.85,"0.03606","4"
"97",107,"GO:0097367","carbohydrate derivative binding",359,51,30.66,"0.03705","4"
"98",108,"GO:0015297","antiporter activity",89,12,7.6,"0.03918","4"
"99",109,"GO:0016614","oxidoreductase activity, acting on CH-OH group of donors",109,14,9.31,"0.03934","4"
"100",110,"GO:0051015","actin filament binding",51,8,4.36,"0.03936","4"
"101",111,"GO:0004857","enzyme inhibitor activity",51,8,4.36,"0.03936","4"
"102",112,"GO:0061630","ubiquitin protein ligase activity",99,13,8.46,"0.03943","4"
"103",113,"GO:0022857","transmembrane transporter activity",614,61,52.44,"0.03950","4"
"104",114,"GO:0016773","phosphotransferase activity, alcohol group as acceptor",537,96,45.86,"0.04069","4"
"105",115,"GO:0005524","ATP binding",237,26,20.24,"0.04161","4"
"106",116,"GO:0035251","UDP-glucosyltransferase activity",61,9,5.21,"0.04225","4"
"107",117,"GO:0004364","glutathione transferase activity",18,4,1.54,"0.04452","4"
"108",118,"GO:0051753","mannan synthase activity",11,3,0.94,"0.04681","4"
"109",119,"GO:0019187","beta-1,4-mannosyltransferase activity",11,3,0.94,"0.04681","4"
"110",120,"GO:0080115","myosin XI tail binding",11,3,0.94,"0.04681","4"
"111",121,"GO:0032029","myosin tail binding",11,3,0.94,"0.04681","4"
"112",122,"GO:0032036","myosin heavy chain binding",11,3,0.94,"0.04681","4"
"113",123,"GO:0016746","acyltransferase activity",185,25,15.8,"0.04691","4"
"114",124,"GO:0061659","ubiquitin-like protein ligase activity",102,13,8.71,"0.04838","4"
"115",2,"GO:0005515","protein binding",3001,464,291.91,"< 1e-30","2"
"116",19,"GO:0000993","RNA polymerase II complex binding",11,6,1.07,"0.00012","2"
"117",20,"GO:0043130","ubiquitin binding",38,11,3.7,"0.00024","2"
"118",21,"GO:0008022","protein C-terminus binding",5,4,0.49,"0.00025","2"
"119",22,"GO:0061608","nuclear import signal receptor activity",9,5,0.88,"0.00043","2"
"120",23,"GO:0008420","RNA polymerase II CTD heptapeptide repeat phosphatase activity",9,5,0.88,"0.00043","2"
"121",24,"GO:0008139","nuclear localization sequence binding",9,5,0.88,"0.00043","2"
"122",25,"GO:0042626","ATPase-coupled transmembrane transporter activity",114,24,11.09,"0.00056","2"
"123",26,"GO:0000149","SNARE binding",48,12,4.67,"0.00057","2"
"124",27,"GO:0000156","phosphorelay response regulator activity",10,5,0.97,"0.00080","2"
"125",28,"GO:0043531","ADP binding",15,6,1.46,"0.00100","2"
"126",29,"GO:0003724","RNA helicase activity",65,14,6.32,"0.00103","2"
"127",30,"GO:0042802","identical protein binding",238,34,23.15,"0.00217","2"
"128",31,"GO:0031624","ubiquitin conjugating enzyme binding",12,5,1.17,"0.00218","2"
"129",32,"GO:0033201","alpha-1,4-glucan synthase activity",4,3,0.39,"0.00236","2"
"130",33,"GO:0030620","U2 snRNA binding",4,3,0.39,"0.00236","2"
"131",34,"GO:0005546","phosphatidylinositol-4,5-bisphosphate binding",23,7,2.24,"0.00241","2"
"132",35,"GO:0016891","endoribonuclease activity, producing 5'-phosphomonoesters",23,7,2.24,"0.00241","2"
"133",36,"GO:0000146","microfilament motor activity",8,4,0.78,"0.00284","2"
"134",37,"GO:0005227","calcium activated cation channel activity",8,4,0.78,"0.00284","2"
"135",38,"GO:0003899","DNA-directed 5'-3' RNA polymerase activity",25,7,2.43,"0.00406","2"
"136",39,"GO:0044877","protein-containing complex binding",140,25,13.62,"0.00417","2"
"137",40,"GO:0003843","1,3-beta-D-glucan synthase activity",9,4,0.88,"0.00477","2"
"138",41,"GO:0004373","glycogen (starch) synthase activity",5,3,0.49,"0.00551","2"
"139",42,"GO:0009011","starch synthase activity",5,3,0.49,"0.00551","2"
"140",43,"GO:0016886","ligase activity, forming phosphoric ester bonds",5,3,0.49,"0.00551","2"
"141",44,"GO:0003678","DNA helicase activity",33,8,3.21,"0.00570","2"
"142",45,"GO:0008017","microtubule binding",87,15,8.46,"0.00676","2"
"143",46,"GO:0004832","valine-tRNA ligase activity",2,2,0.19,"0.00735","2"
"144",47,"GO:0016303","1-phosphatidylinositol-3-kinase activity",2,2,0.19,"0.00735","2"
"145",48,"GO:0001164","RNA polymerase I core promoter sequence-specific DNA binding",2,2,0.19,"0.00735","2"
"146",49,"GO:0034450","ubiquitin-ubiquitin ligase activity",2,2,0.19,"0.00735","2"
"147",50,"GO:0004825","methionine-tRNA ligase activity",2,2,0.19,"0.00735","2"
"148",51,"GO:0003690","double-stranded DNA binding",505,61,49.12,"0.00799","2"
"149",52,"GO:0031267","small GTPase binding",22,6,2.14,"0.00884","2"
"150",53,"GO:0008092","cytoskeletal protein binding",169,29,16.44,"0.00900","2"
"151",54,"GO:0031491","nucleosome binding",16,5,1.56,"0.00901","2"
"152",55,"GO:0046961","proton-transporting ATPase activity, rotational mechanism",16,5,1.56,"0.00901","2"
"153",56,"GO:0016779","nucleotidyltransferase activity",91,19,8.85,"0.00933","2"
"154",57,"GO:0008237","metallopeptidase activity",66,12,6.42,"0.00962","2"
"155",58,"GO:0080115","myosin XI tail binding",11,4,1.07,"0.01087","2"
"156",59,"GO:0032029","myosin tail binding",11,4,1.07,"0.01087","2"
"157",60,"GO:0032036","myosin heavy chain binding",11,4,1.07,"0.01087","2"
"158",61,"GO:0004222","metalloendopeptidase activity",44,9,4.28,"0.01110","2"
"159",62,"GO:0140359","ABC-type transporter activity",53,10,5.16,"0.01347","2"
"160",63,"GO:0003713","transcription coactivator activity",24,6,2.33,"0.01377","2"
"161",64,"GO:0017022","myosin binding",12,4,1.17,"0.01522","2"
"162",65,"GO:0003725","double-stranded RNA binding",12,4,1.17,"0.01522","2"
"163",66,"GO:0004402","histone acetyltransferase activity",12,4,1.17,"0.01522","2"
"164",67,"GO:0032050","clathrin heavy chain binding",12,4,1.17,"0.01522","2"
"165",68,"GO:0140326","ATPase-coupled intramembrane lipid transporter activity",7,3,0.68,"0.01693","2"
"166",69,"GO:0140303","intramembrane lipid transporter activity",7,3,0.68,"0.01693","2"
"167",70,"GO:0016464","chloroplast protein-transporting ATPase activity",7,3,0.68,"0.01693","2"
"168",71,"GO:0036402","proteasome-activating activity",7,3,0.68,"0.01693","2"
"169",72,"GO:0019899","enzyme binding",188,37,18.29,"0.01794","2"
"170",73,"GO:0004176","ATP-dependent peptidase activity",26,6,2.53,"0.02034","2"
"171",74,"GO:0030276","clathrin binding",26,6,2.53,"0.02034","2"
"172",75,"GO:0061733","peptide-lysine-N-acetyltransferase activity",13,4,1.26,"0.02052","2"
"173",76,"GO:0051010","microtubule plus-end binding",3,2,0.29,"0.02079","2"
"174",77,"GO:0070905","serine binding",3,2,0.29,"0.02079","2"
"175",78,"GO:0004372","glycine hydroxymethyltransferase activity",3,2,0.29,"0.02079","2"
"176",79,"GO:0004084","branched-chain-amino-acid transaminase activity",3,2,0.29,"0.02079","2"
"177",80,"GO:0010485","H4 histone acetyltransferase activity",3,2,0.29,"0.02079","2"
"178",81,"GO:0052654","L-leucine transaminase activity",3,2,0.29,"0.02079","2"
"179",82,"GO:0052655","L-valine transaminase activity",3,2,0.29,"0.02079","2"
"180",83,"GO:0052656","L-isoleucine transaminase activity",3,2,0.29,"0.02079","2"
"181",84,"GO:0060589","nucleoside-triphosphatase regulator activity",49,9,4.77,"0.02193","2"
"182",85,"GO:0030695","GTPase regulator activity",49,9,4.77,"0.02193","2"
"183",86,"GO:0004712","protein serine/threonine/tyrosine kinase activity",34,7,3.31,"0.02313","2"
"184",87,"GO:0005319","lipid transporter activity",34,7,3.31,"0.02313","2"
"185",88,"GO:0009931","calcium-dependent protein serine/threonine kinase activity",20,5,1.95,"0.02401","2"
"186",89,"GO:0070566","adenylyltransferase activity",20,5,1.95,"0.02401","2"
"187",90,"GO:0010857","calcium-dependent protein kinase activity",20,5,1.95,"0.02401","2"
"188",91,"GO:0071617","lysophospholipid acyltransferase activity",8,3,0.78,"0.02538","2"
"189",92,"GO:0046873","metal ion transmembrane transporter activity",120,17,11.67,"0.02709","2"
"190",93,"GO:0051015","actin filament binding",51,9,4.96,"0.02788","2"
"191",94,"GO:0043565","sequence-specific DNA binding",551,62,53.6,"0.02906","2"
"192",95,"GO:0051082","unfolded protein binding",68,11,6.61,"0.02910","2"
"193",96,"GO:0004683","calmodulin-dependent protein kinase activity",21,5,2.04,"0.02935","2"
"194",97,"GO:0015020","glucuronosyltransferase activity",22,5,2.14,"0.03539","2"
"195",98,"GO:0000049","tRNA binding",22,5,2.14,"0.03539","2"
"196",99,"GO:0017056","structural constituent of nuclear pore",9,3,0.88,"0.03568","2"
"197",100,"GO:0000155","phosphorelay sensor kinase activity",9,3,0.88,"0.03568","2"
"198",101,"GO:2001070","starch binding",9,3,0.88,"0.03568","2"
"199",102,"GO:0032183","SUMO binding",9,3,0.88,"0.03568","2"
"200",103,"GO:0004175","endopeptidase activity",162,21,15.76,"0.03682","2"
"201",104,"GO:0031492","nucleosomal DNA binding",4,2,0.39,"0.03922","2"
"202",105,"GO:0019789","SUMO transferase activity",4,2,0.39,"0.03922","2"
"203",106,"GO:0004526","ribonuclease P activity",4,2,0.39,"0.03922","2"
"204",107,"GO:0030151","molybdenum ion binding",4,2,0.39,"0.03922","2"
"205",108,"GO:0043813","phosphatidylinositol-3,5-bisphosphate 5-phosphatase activity",4,2,0.39,"0.03922","2"
"206",109,"GO:0001882","nucleoside binding",4,2,0.39,"0.03922","2"
"207",110,"GO:0033549","MAP kinase phosphatase activity",4,2,0.39,"0.03922","2"
"208",111,"GO:0003951","NAD+ kinase activity",4,2,0.39,"0.03922","2"
"209",112,"GO:0003910","DNA ligase (ATP) activity",4,2,0.39,"0.03922","2"
"210",113,"GO:0032549","ribonucleoside binding",4,2,0.39,"0.03922","2"
"211",114,"GO:0008174","mRNA methyltransferase activity",4,2,0.39,"0.03922","2"
"212",115,"GO:0003909","DNA ligase activity",4,2,0.39,"0.03922","2"
"213",116,"GO:0016780","phosphotransferase activity, for other substituted phosphate groups",16,4,1.56,"0.04253","2"
"214",117,"GO:0008175","tRNA methyltransferase activity",16,4,1.56,"0.04253","2"
"215",118,"GO:0003714","transcription corepressor activity",16,4,1.56,"0.04253","2"
"216",119,"GO:0008047","enzyme activator activity",64,10,6.23,"0.04486","2"
"217",120,"GO:0003779","actin binding",64,10,6.23,"0.04486","2"
"218",121,"GO:0043621","protein self-association",64,10,6.23,"0.04486","2"
"219",122,"GO:0005096","GTPase activator activity",31,6,3.02,"0.04520","2"
"220",123,"GO:1901981","phosphatidylinositol phosphate binding",33,10,3.21,"0.04728","2"
"221",124,"GO:0016775","phosphotransferase activity, nitrogenous group as acceptor",10,3,0.97,"0.04779","2"
"222",125,"GO:0004673","protein histidine kinase activity",10,3,0.97,"0.04779","2"
"223",126,"GO:0140299","small molecule sensor activity",10,3,0.97,"0.04779","2"
"224",127,"GO:0042054","histone methyltransferase activity",24,5,2.33,"0.04959","2"
"225",5,"GO:0080043","quercetin 3-O-glucosyltransferase activity",17,5,0.52,"0.00010","6"
"226",6,"GO:0008289","lipid binding",147,14,4.53,"0.00011","6"
"227",7,"GO:0030955","potassium ion binding",6,3,0.18,"0.00048","6"
"228",8,"GO:0004743","pyruvate kinase activity",6,3,0.18,"0.00048","6"
"229",9,"GO:0080044","quercetin 7-O-glucosyltransferase activity",15,4,0.46,"0.00079","6"
"230",10,"GO:0080122","AMP transmembrane transporter activity",2,2,0.06,"0.00087","6"
"231",11,"GO:0016405","CoA-ligase activity",17,4,0.52,"0.00131","6"
"232",12,"GO:0003824","catalytic activity",3999,183,123.18,"0.00176","6"
"233",13,"GO:0016878","acid-thiol ligase activity",19,4,0.59,"0.00204","6"
"234",14,"GO:0047769","arogenate dehydratase activity",3,2,0.09,"0.00256","6"
"235",15,"GO:0015189","L-lysine transmembrane transporter activity",3,2,0.09,"0.00256","6"
"236",16,"GO:0015105","arsenite transmembrane transporter activity",3,2,0.09,"0.00256","6"
"237",17,"GO:0004664","prephenate dehydratase activity",3,2,0.09,"0.00256","6"
"238",18,"GO:0030570","pectate lyase activity",10,3,0.31,"0.00262","6"
"239",19,"GO:0004565","beta-galactosidase activity",12,3,0.37,"0.00460","6"
"240",20,"GO:0015297","antiporter activity",89,8,2.74,"0.00473","6"
"241",21,"GO:0015172","acidic amino acid transmembrane transporter activity",4,2,0.12,"0.00501","6"
"242",22,"GO:0080161","auxin transmembrane transporter activity",13,3,0.4,"0.00586","6"
"243",23,"GO:0016760","cellulose synthase (UDP-forming) activity",13,3,0.4,"0.00586","6"
"244",24,"GO:0016740","transferase activity",1670,86,51.44,"0.00589","6"
"245",25,"GO:0000287","magnesium ion binding",57,6,1.76,"0.00650","6"
"246",26,"GO:0016616","oxidoreductase activity, acting on the CH-OH group of donors, NAD or NADP as acceptor",95,8,2.93,"0.00699","6"
"247",27,"GO:0015295","solute:proton symporter activity",14,3,0.43,"0.00729","6"
"248",28,"GO:0015175","neutral amino acid transmembrane transporter activity",5,2,0.15,"0.00819","6"
"249",29,"GO:0015204","urea transmembrane transporter activity",5,2,0.15,"0.00819","6"
"250",30,"GO:0016758","hexosyltransferase activity",195,19,6.01,"0.00836","6"
"251",31,"GO:0016830","carbon-carbon lyase activity",62,6,1.91,"0.00974","6"
"252",32,"GO:0004674","protein serine/threonine kinase activity",332,18,10.23,"0.00987","6"
"253",33,"GO:0015086","cadmium ion transmembrane transporter activity",6,2,0.18,"0.01205","6"
"254",34,"GO:0015250","water channel activity",17,3,0.52,"0.01276","6"
"255",35,"GO:0005372","water transmembrane transporter activity",17,3,0.52,"0.01276","6"
"256",36,"GO:0016831","carboxy-lyase activity",32,4,0.99,"0.01400","6"
"257",37,"GO:0042910","xenobiotic transmembrane transporter activity",32,4,0.99,"0.01400","6"
"258",38,"GO:0008194","UDP-glycosyltransferase activity",143,16,4.4,"0.01622","6"
"259",39,"GO:0016207","4-coumarate-CoA ligase activity",7,2,0.22,"0.01654","6"
"260",40,"GO:0010181","FMN binding",19,3,0.59,"0.01741","6"
"261",41,"GO:0036094","small molecule binding",599,27,18.45,"0.01926","6"
"262",42,"GO:0052689","carboxylic ester hydrolase activity",93,7,2.86,"0.02002","6"
"263",43,"GO:0016491","oxidoreductase activity",621,32,19.13,"0.02032","6"
"264",44,"GO:0016757","glycosyltransferase activity",314,27,9.67,"0.02072","6"
"265",45,"GO:0008970","phospholipase A1 activity",8,2,0.25,"0.02163","6"
"266",46,"GO:0015112","nitrate transmembrane transporter activity",8,2,0.25,"0.02163","6"
"267",47,"GO:0004707","MAP kinase activity",8,2,0.25,"0.02163","6"
"268",48,"GO:0019899","enzyme binding",188,11,5.79,"0.02389","6"
"269",49,"GO:0042802","identical protein binding",238,13,7.33,"0.02461","6"
"270",50,"GO:0000030","mannosyltransferase activity",22,3,0.68,"0.02593","6"
"271",51,"GO:0015020","glucuronosyltransferase activity",22,3,0.68,"0.02593","6"
"272",52,"GO:0043167","ion binding",1269,53,39.09,"0.02722","6"
"273",53,"GO:0047372","acylglycerol lipase activity",9,2,0.28,"0.02727","6"
"274",54,"GO:0015217","ADP transmembrane transporter activity",9,2,0.28,"0.02727","6"
"275",55,"GO:0003690","double-stranded DNA binding",505,39,15.56,"0.02732","6"
"276",56,"GO:0016301","kinase activity",580,31,17.87,"0.02847","6"
"277",57,"GO:0016711","flavonoid 3'-monooxygenase activity",1,1,0.03,"0.02952","6"
"278",58,"GO:0000170","sphingosine hydroxylase activity",1,1,0.03,"0.02952","6"
"279",59,"GO:0008481","sphinganine kinase activity",1,1,0.03,"0.02952","6"
"280",60,"GO:0045552","dihydrokaempferol 4-reductase activity",1,1,0.03,"0.02952","6"
"281",61,"GO:0015505","uracil:cation symporter activity",1,1,0.03,"0.02952","6"
"282",62,"GO:0031127","alpha-(1,2)-fucosyltransferase activity",1,1,0.03,"0.02952","6"
"283",63,"GO:0015180","L-alanine transmembrane transporter activity",1,1,0.03,"0.02952","6"
"284",64,"GO:0005274","allantoin:proton symporter activity",1,1,0.03,"0.02952","6"
"285",65,"GO:0050589","leucocyanidin oxygenase activity",1,1,0.03,"0.02952","6"
"286",66,"GO:0051997","2-oxo-4-hydroxy-4-carboxy-5-ureidoimidazoline decarboxylase activity",1,1,0.03,"0.02952","6"
"287",67,"GO:0008568","microtubule severing ATPase activity",1,1,0.03,"0.02952","6"
"288",68,"GO:0022858","alanine transmembrane transporter activity",1,1,0.03,"0.02952","6"
"289",69,"GO:0004048","anthranilate phosphoribosyltransferase activity",1,1,0.03,"0.02952","6"
"290",70,"GO:0005458","GDP-mannose transmembrane transporter activity",1,1,0.03,"0.02952","6"
"291",71,"GO:0018858","benzoate-CoA ligase activity",1,1,0.03,"0.02952","6"
"292",72,"GO:0015148","D-xylose transmembrane transporter activity",1,1,0.03,"0.02952","6"
"293",73,"GO:0005476","carnitine:acyl carnitine antiporter activity",1,1,0.03,"0.02952","6"
"294",74,"GO:0071633","dihydroceramidase activity",1,1,0.03,"0.02952","6"
"295",75,"GO:0120227","acyl-CoA binding",1,1,0.03,"0.02952","6"
"296",76,"GO:1901567","fatty acid derivative binding",1,1,0.03,"0.02952","6"
"297",77,"GO:0004126","cytidine deaminase activity",1,1,0.03,"0.02952","6"
"298",78,"GO:0004351","glutamate decarboxylase activity",1,1,0.03,"0.02952","6"
"299",79,"GO:0004140","dephospho-CoA kinase activity",1,1,0.03,"0.02952","6"
"300",80,"GO:0050505","hydroquinone glucosyltransferase activity",1,1,0.03,"0.02952","6"
"301",81,"GO:0004134","4-alpha-glucanotransferase activity",1,1,0.03,"0.02952","6"
"302",82,"GO:0047890","flavanone 4-reductase activity",1,1,0.03,"0.02952","6"
"303",83,"GO:0102406","omega-hydroxypalmitate O-sinapoyl transferase activity",1,1,0.03,"0.02952","6"
"304",84,"GO:0033971","hydroxyisourate hydrolase activity",1,1,0.03,"0.02952","6"
"305",85,"GO:0036313","phosphatidylinositol 3-kinase catalytic subunit binding",1,1,0.03,"0.02952","6"
"306",86,"GO:0061459","L-arginine transmembrane transporter activity",1,1,0.03,"0.02952","6"
"307",87,"GO:0004316","3-oxoacyl-[acyl-carrier-protein] reductase (NADPH) activity",1,1,0.03,"0.02952","6"
"308",88,"GO:0102191","4alpha-carboxy-5alpha-cholesta-7,24-dien-3beta-ol dehydrogenase/C4-decarboxylase activity",1,1,0.03,"0.02952","6"
"309",89,"GO:0018454","acetoacetyl-CoA reductase activity",1,1,0.03,"0.02952","6"
"310",90,"GO:0008179","adenylate cyclase binding",1,1,0.03,"0.02952","6"
"311",91,"GO:0008126","acetylesterase activity",1,1,0.03,"0.02952","6"
"312",92,"GO:0080016","(-)-E-beta-caryophyllene synthase activity",1,1,0.03,"0.02952","6"
"313",93,"GO:0102500","beta-maltose 4-alpha-glucanotransferase activity",1,1,0.03,"0.02952","6"
"314",94,"GO:0080017","alpha-humulene synthase activity",1,1,0.03,"0.02952","6"
"315",95,"GO:0080045","quercetin 3'-O-glucosyltransferase activity",1,1,0.03,"0.02952","6"
"316",96,"GO:0000234","phosphoethanolamine N-methyltransferase activity",1,1,0.03,"0.02952","6"
"317",97,"GO:0015226","carnitine transmembrane transporter activity",1,1,0.03,"0.02952","6"
"318",98,"GO:0015227","acyl carnitine transmembrane transporter activity",1,1,0.03,"0.02952","6"
"319",99,"GO:0047844","deoxycytidine deaminase activity",1,1,0.03,"0.02952","6"
"320",100,"GO:0008676","3-deoxy-8-phosphooctulonate synthase activity",1,1,0.03,"0.02952","6"
"321",101,"GO:0015591","D-ribose transmembrane transporter activity",1,1,0.03,"0.02952","6"
"322",102,"GO:0032791","lead ion binding",1,1,0.03,"0.02952","6"
"323",103,"GO:0008107","galactoside 2-alpha-L-fucosyltransferase activity",1,1,0.03,"0.02952","6"
"324",104,"GO:0047213","anthocyanidin 3-O-glucosyltransferase activity",1,1,0.03,"0.02952","6"
"325",105,"GO:0010334","sesquiterpene synthase activity",1,1,0.03,"0.02952","6"
"326",106,"GO:0090448","glucosinolate:proton symporter activity",1,1,0.03,"0.02952","6"
"327",107,"GO:0008883","glutamyl-tRNA reductase activity",1,1,0.03,"0.02952","6"
"328",108,"GO:0061775","cohesin loading activity",1,1,0.03,"0.02952","6"
"329",109,"GO:0000062","fatty-acyl-CoA binding",1,1,0.03,"0.02952","6"
"330",110,"GO:0050269","coniferyl-aldehyde dehydrogenase activity",1,1,0.03,"0.02952","6"
"331",111,"GO:0015434","ABC-type cadmium transporter activity",1,1,0.03,"0.02952","6"
"332",112,"GO:0102311","8-hydroxygeraniol dehydrogenase activity",1,1,0.03,"0.02952","6"
"333",113,"GO:0016401","palmitoyl-CoA oxidase activity",1,1,0.03,"0.02952","6"
"334",114,"GO:1905394","retromer complex binding",1,1,0.03,"0.02952","6"
"335",115,"GO:0102340","3-oxo-behenoyl-CoA reductase activity",1,1,0.03,"0.02952","6"
"336",116,"GO:0043548","phosphatidylinositol 3-kinase binding",1,1,0.03,"0.02952","6"
"337",117,"GO:0102341","3-oxo-lignoceroyl-CoA reductase activity",1,1,0.03,"0.02952","6"
"338",118,"GO:0102342","3-oxo-cerotoyl-CoA reductase activity",1,1,0.03,"0.02952","6"
"339",119,"GO:0140776","protein-containing complex destabilizing activity",1,1,0.03,"0.02952","6"
"340",120,"GO:0004421","hydroxymethylglutaryl-CoA synthase activity",1,1,0.03,"0.02952","6"
"341",121,"GO:0015575","mannitol transmembrane transporter activity",1,1,0.03,"0.02952","6"
"342",122,"GO:0015576","sorbitol transmembrane transporter activity",1,1,0.03,"0.02952","6"
"343",123,"GO:0052667","phosphomethylethanolamine N-methyltransferase activity",1,1,0.03,"0.02952","6"
"344",124,"GO:0019912","cyclin-dependent protein kinase activating kinase activity",1,1,0.03,"0.02952","6"
"345",125,"GO:0102339","3-oxo-arachidoyl-CoA reductase activity",1,1,0.03,"0.02952","6"
"346",126,"GO:0004419","hydroxymethylglutaryl-CoA lyase activity",1,1,0.03,"0.02952","6"
"347",127,"GO:0000166","nucleotide binding",486,22,14.97,"0.03128","6"
"348",128,"GO:1901265","nucleoside phosphate binding",486,22,14.97,"0.03128","6"
"349",129,"GO:0080030","methyl indole-3-acetate esterase activity",10,2,0.31,"0.03344","6"
"350",130,"GO:0005347","ATP transmembrane transporter activity",10,2,0.31,"0.03344","6"
"351",131,"GO:0042887","amide transmembrane transporter activity",30,5,0.92,"0.03589","6"
"352",132,"GO:0015318","inorganic molecular entity transmembrane transporter activity",272,18,8.38,"0.03689","6"
"353",133,"GO:0046983","protein dimerization activity",307,15,9.46,"0.03928","6"
"354",134,"GO:0030983","mismatched DNA binding",11,2,0.34,"0.04008","6"
"355",135,"GO:0019187","beta-1,4-mannosyltransferase activity",11,2,0.34,"0.04008","6"
"356",136,"GO:0051753","mannan synthase activity",11,2,0.34,"0.04008","6"
"357",137,"GO:0010329","auxin efflux transmembrane transporter activity",11,2,0.34,"0.04008","6"
"358",138,"GO:0030276","clathrin binding",26,3,0.8,"0.04016","6"
"359",139,"GO:0051287","NAD binding",44,4,1.36,"0.04017","6"
"360",140,"GO:0005506","iron ion binding",108,7,3.33,"0.04073","6"
"361",141,"GO:0022803","passive transmembrane transporter activity",87,6,2.68,"0.04360","6"
"362",142,"GO:0015267","channel activity",87,6,2.68,"0.04360","6"
"363",143,"GO:0017111","ribonucleoside triphosphate phosphatase activity",261,13,8.04,"0.04634","6"
"364",144,"GO:0003955","NAD(P)H dehydrogenase (quinone) activity",12,2,0.37,"0.04718","6"
"365",145,"GO:1901505","carbohydrate derivative transmembrane transporter activity",49,6,1.51,"0.04861","6"
"366",5,"GO:0005525","GTP binding",67,7,2.89,"0.00014","7"
"367",6,"GO:0045309","protein phosphorylated amino acid binding",10,0,0.43,"0.00015","7"
"368",7,"GO:0005200","structural constituent of cytoskeleton",17,0,0.73,"0.00032","7"
"369",8,"GO:0097573","glutathione oxidoreductase activity",24,0,1.03,"0.00038","7"
"370",9,"GO:0061631","ubiquitin conjugating enzyme activity",19,2,0.82,"0.00063","7"
"371",10,"GO:0030527","structural constituent of chromatin",19,0,0.82,"0.00063","7"
"372",11,"GO:0020037","heme binding",108,8,4.65,"0.00068","7"
"373",12,"GO:0051015","actin filament binding",51,1,2.2,"0.00076","7"
"374",13,"GO:0009055","electron transfer activity",43,4,1.85,"0.00085","7"
"375",14,"GO:0035064","methylated histone binding",14,1,0.6,"0.00097","7"
"376",15,"GO:0042578","phosphoric ester hydrolase activity",221,20,9.52,"0.00184","7"
"377",16,"GO:0005488","binding",5104,313,219.96,"0.00214","7"
"378",17,"GO:0016491","oxidoreductase activity",621,62,26.76,"0.00291","7"
"379",18,"GO:0004857","enzyme inhibitor activity",51,1,2.2,"0.00298","7"
"380",19,"GO:0016788","hydrolase activity, acting on ester bonds",498,33,21.46,"0.00306","7"
"381",20,"GO:0019901","protein kinase binding",42,3,1.81,"0.00307","7"
"382",21,"GO:0018812","3-hydroxyacyl-CoA dehydratase activity",2,0,0.09,"0.00358","7"
"383",22,"GO:0102158","very-long-chain 3-hydroxyacyl-CoA dehydratase activity",2,0,0.09,"0.00358","7"
"384",23,"GO:0034480","phosphatidylcholine phospholipase C activity",2,0,0.09,"0.00358","7"
"385",24,"GO:0102343","3-hydroxy-arachidoyl-CoA dehydratase activity",2,0,0.09,"0.00358","7"
"386",25,"GO:0102344","3-hydroxy-behenoyl-CoA dehydratase activity",2,0,0.09,"0.00358","7"
"387",26,"GO:0102345","3-hydroxy-lignoceroyl-CoA dehydratase activity",2,0,0.09,"0.00358","7"
"388",27,"GO:0016295","myristoyl-[acyl-carrier-protein] hydrolase activity",2,0,0.09,"0.00358","7"
"389",28,"GO:0016296","palmitoyl-[acyl-carrier-protein] hydrolase activity",2,0,0.09,"0.00358","7"
"390",29,"GO:0004150","dihydroneopterin aldolase activity",2,0,0.09,"0.00358","7"
"391",30,"GO:0070003","threonine-type peptidase activity",6,0,0.26,"0.00373","7"
"392",31,"GO:0004089","carbonate dehydratase activity",6,1,0.26,"0.00373","7"
"393",32,"GO:0016791","phosphatase activity",188,19,8.1,"0.00433","7"
"394",33,"GO:0060090","molecular adaptor activity",69,2,2.97,"0.00769","7"
"395",34,"GO:0051536","iron-sulfur cluster binding",40,3,1.72,"0.00887","7"
"396",35,"GO:0043169","cation binding",808,56,34.82,"0.00916","7"
"397",36,"GO:0008798","beta-aspartyl-peptidase activity",3,0,0.13,"0.01032","7"
"398",37,"GO:0004664","prephenate dehydratase activity",3,0,0.13,"0.01032","7"
"399",38,"GO:0004020","adenylylsulfate kinase activity",3,0,0.13,"0.01032","7"
"400",39,"GO:0047769","arogenate dehydratase activity",3,0,0.13,"0.01032","7"
"401",40,"GO:0030674","protein-macromolecule adaptor activity",62,2,2.67,"0.01106","7"
"402",41,"GO:0003700","DNA-binding transcription factor activity",644,18,27.75,"0.01133","7"
"403",42,"GO:0019887","protein kinase regulator activity",42,0,1.81,"0.01158","7"
"404",43,"GO:0003824","catalytic activity",3999,264,172.34,"0.01216","7"
"405",44,"GO:0140110","transcription regulator activity",721,21,31.07,"0.01293","7"
"406",45,"GO:0019207","kinase regulator activity",43,0,1.85,"0.01313","7"
"407",46,"GO:0016746","acyltransferase activity",185,10,7.97,"0.01333","7"
"408",47,"GO:0016407","acetyltransferase activity",75,5,3.23,"0.01361","7"
"409",48,"GO:0016747","acyltransferase activity, transferring groups other than amino-acyl groups",173,10,7.46,"0.01380","7"
"410",49,"GO:0051539","4 iron, 4 sulfur cluster binding",25,2,1.08,"0.01485","7"
"411",50,"GO:0080030","methyl indole-3-acetate esterase activity",10,0,0.43,"0.01870","7"
"412",51,"GO:0046872","metal ion binding",792,55,34.13,"0.01938","7"
"413",52,"GO:0016985","mannan endo-1,4-beta-mannosidase activity",4,0,0.17,"0.01982","7"
"414",53,"GO:0031492","nucleosomal DNA binding",4,0,0.17,"0.01982","7"
"415",54,"GO:0016794","diphosphoric monoester hydrolase activity",4,1,0.17,"0.01982","7"
"416",55,"GO:0008453","alanine-glyoxylate transaminase activity",4,2,0.17,"0.01982","7"
"417",56,"GO:0008893","guanosine-3',5'-bis(diphosphate) 3'-diphosphatase activity",4,1,0.17,"0.01982","7"
"418",57,"GO:0003785","actin monomer binding",4,0,0.17,"0.01982","7"
"419",58,"GO:0004866","endopeptidase inhibitor activity",4,0,0.17,"0.01982","7"
"420",59,"GO:0015172","acidic amino acid transmembrane transporter activity",4,0,0.17,"0.01982","7"
"421",60,"GO:0031386","protein tag",4,0,0.17,"0.01982","7"
"422",61,"GO:0052747","sinapyl alcohol dehydrogenase activity",4,0,0.17,"0.01982","7"
"423",62,"GO:0016667","oxidoreductase activity, acting on a sulfur group of donors",71,5,3.06,"0.02020","7"
"424",63,"GO:0003924","GTPase activity",104,8,4.48,"0.02147","7"
"425",64,"GO:0008081","phosphoric diester hydrolase activity",30,0,1.29,"0.02350","7"
"426",65,"GO:0050308","sugar-phosphatase activity",11,3,0.47,"0.02459","7"
"427",66,"GO:0005506","iron ion binding",108,11,4.65,"0.02794","7"
"428",67,"GO:0016790","thiolester hydrolase activity",22,0,0.95,"0.02849","7"
"429",68,"GO:0016776","phosphotransferase activity, phosphate group as acceptor",20,1,0.86,"0.02869","7"
"430",69,"GO:0015556","C4-dicarboxylate transmembrane transporter activity",5,0,0.22,"0.03174","7"
"431",70,"GO:0030414","peptidase inhibitor activity",5,0,0.22,"0.03174","7"
"432",71,"GO:0015211","purine nucleoside transmembrane transporter activity",5,0,0.22,"0.03174","7"
"433",72,"GO:0090447","glycerol-3-phosphate 2-O-acyltransferase activity",5,0,0.22,"0.03174","7"
"434",73,"GO:0009927","histidine phosphotransfer kinase activity",5,0,0.22,"0.03174","7"
"435",74,"GO:0017169","CDP-alcohol phosphatidyltransferase activity",5,0,0.22,"0.03174","7"
"436",75,"GO:0043295","glutathione binding",5,1,0.22,"0.03174","7"
"437",76,"GO:0045551","cinnamyl-alcohol dehydrogenase activity",5,0,0.22,"0.03174","7"
"438",77,"GO:1900750","oligopeptide binding",5,1,0.22,"0.03174","7"
"439",78,"GO:0061135","endopeptidase regulator activity",5,0,0.22,"0.03174","7"
"440",79,"GO:0102210","rhamnogalacturonan endolyase activity",5,0,0.22,"0.03174","7"
"441",80,"GO:0004860","protein kinase inhibitor activity",5,0,0.22,"0.03174","7"
"442",81,"GO:0016835","carbon-oxygen lyase activity",71,8,3.06,"0.03265","7"
"443",82,"GO:0016289","CoA hydrolase activity",13,0,0.56,"0.03899","7"
"444",83,"GO:0016888","endodeoxyribonuclease activity, producing 5'-phosphomonoesters",13,1,0.56,"0.03899","7"
"445",84,"GO:0000030","mannosyltransferase activity",22,1,0.95,"0.03943","7"
"446",85,"GO:0016705","oxidoreductase activity, acting on paired donors, with incorporation or reduction of molecular oxygen",127,13,5.47,"0.04024","7"
"447",86,"GO:0005215","transporter activity",639,32,27.54,"0.04409","7"
"448",87,"GO:0016538","cyclin-dependent protein serine/threonine kinase regulator activity",23,0,0.99,"0.04555","7"
"449",88,"GO:0032451","demethylase activity",23,1,0.99,"0.04555","7"
"450",89,"GO:0003993","acid phosphatase activity",23,2,0.99,"0.04555","7"
"451",90,"GO:0004567","beta-mannosidase activity",6,0,0.26,"0.04574","7"
"452",91,"GO:0140414","phosphopantetheine-dependent carrier activity",6,0,0.26,"0.04574","7"
"453",92,"GO:0016712","oxidoreductase activity, acting on paired donors, with incorporation or reduction of molecular oxygen, reduced flavin or flavoprotein as one donor, and incorporation of one atom of oxygen",6,1,0.26,"0.04574","7"
"454",93,"GO:0051192","prosthetic group binding",6,0,0.26,"0.04574","7"
"455",94,"GO:0050997","quaternary ammonium group binding",6,0,0.26,"0.04574","7"
"456",95,"GO:0016889","endodeoxyribonuclease activity, producing 3'-phosphomonoesters",6,0,0.26,"0.04574","7"
"457",96,"GO:0008821","crossover junction endodeoxyribonuclease activity",6,0,0.26,"0.04574","7"
"458",97,"GO:0044620","ACP phosphopantetheine attachment site binding",6,0,0.26,"0.04574","7"
"459",98,"GO:0000036","acyl carrier activity",6,0,0.26,"0.04574","7"
"460",99,"GO:0019210","kinase inhibitor activity",6,0,0.26,"0.04574","7"
"461",100,"GO:0016168","chlorophyll binding",14,5,0.6,"0.04748","7"
"462",101,"GO:0022857","transmembrane transporter activity",614,32,26.46,"0.04906","7"
"463",2,"GO:0005515","protein binding",3001,146,115.6,"0.00016","9"
"464",3,"GO:0102425","myricetin 3-O-glucosyltransferase activity",4,3,0.15,"0.00020","9"
"465",4,"GO:0047893","flavonol 3-O-glucosyltransferase activity",4,3,0.15,"0.00020","9"
"466",5,"GO:0102360","daphnetin 3-O-glucosyltransferase activity",4,3,0.15,"0.00020","9"
"467",6,"GO:0140096","catalytic activity, acting on a protein",1247,79,48.04,"0.00024","9"
"468",7,"GO:0004197","cysteine-type endopeptidase activity",33,6,1.27,"0.00120","9"
"469",8,"GO:0033836","flavonol 7-O-beta-glucosyltransferase activity",2,2,0.08,"0.00138","9"
"470",9,"GO:0005542","folic acid binding",2,2,0.08,"0.00138","9"
"471",10,"GO:0045486","naringenin 3-dioxygenase activity",2,2,0.08,"0.00138","9"
"472",11,"GO:0016597","amino acid binding",14,4,0.54,"0.00140","9"
"473",12,"GO:0000976","transcription cis-regulatory region binding",423,28,16.29,"0.00231","9"
"474",13,"GO:0080043","quercetin 3-O-glucosyltransferase activity",17,4,0.65,"0.00305","9"
"475",14,"GO:0046923","ER retention sequence binding",3,2,0.12,"0.00403","9"
"476",15,"GO:0003824","catalytic activity",3999,203,154.05,"0.00468","9"
"477",16,"GO:0005381","iron ion transmembrane transporter activity",10,3,0.39,"0.00504","9"
"478",17,"GO:0070566","adenylyltransferase activity",20,4,0.77,"0.00569","9"
"479",18,"GO:0140110","transcription regulator activity",721,40,27.77,"0.00736","9"
"480",19,"GO:0004175","endopeptidase activity",162,17,6.24,"0.00808","9"
"481",20,"GO:0022857","transmembrane transporter activity",614,37,23.65,"0.00981","9"
"482",21,"GO:0004529","exodeoxyribonuclease activity",13,3,0.5,"0.01105","9"
"483",22,"GO:0016895","exodeoxyribonuclease activity, producing 5'-phosphomonoesters",13,3,0.5,"0.01105","9"
"484",23,"GO:0016796","exonuclease activity, active with either ribo- or deoxyribonucleic acids and producing 5'-phosphomonoesters",37,5,1.43,"0.01135","9"
"485",24,"GO:0016740","transferase activity",1670,85,64.33,"0.01194","9"
"486",25,"GO:0004842","ubiquitin-protein transferase activity",192,14,7.4,"0.01255","9"
"487",26,"GO:0042500","aspartic endopeptidase activity, intramembrane cleaving",5,2,0.19,"0.01279","9"
"488",27,"GO:0004630","phospholipase D activity",5,2,0.19,"0.01279","9"
"489",28,"GO:0004930","G protein-coupled receptor activity",5,2,0.19,"0.01279","9"
"490",29,"GO:0070290","N-acylphosphatidylethanolamine-specific phospholipase D activity",5,2,0.19,"0.01279","9"
"491",30,"GO:0003700","DNA-binding transcription factor activity",644,35,24.81,"0.01567","9"
"492",31,"GO:0004672","protein kinase activity",446,26,17.18,"0.01584","9"
"493",32,"GO:0080044","quercetin 7-O-glucosyltransferase activity",15,3,0.58,"0.01663","9"
"494",33,"GO:0019787","ubiquitin-like protein transferase activity",201,14,7.74,"0.01807","9"
"495",34,"GO:0005506","iron ion binding",108,9,4.16,"0.01911","9"
"496",35,"GO:0035673","oligopeptide transmembrane transporter activity",16,3,0.62,"0.01992","9"
"497",36,"GO:0016491","oxidoreductase activity",621,35,23.92,"0.02272","9"
"498",37,"GO:0042887","amide transmembrane transporter activity",30,4,1.16,"0.02403","9"
"499",38,"GO:0016774","phosphotransferase activity, carboxyl group as acceptor",7,2,0.27,"0.02557","9"
"500",39,"GO:0004525","ribonuclease III activity",7,2,0.27,"0.02557","9"
"501",40,"GO:0010427","abscisic acid binding",7,2,0.27,"0.02557","9"
"502",41,"GO:0032296","double-stranded RNA-specific ribonuclease activity",7,2,0.27,"0.02557","9"
"503",42,"GO:0008080","N-acetyltransferase activity",31,4,1.19,"0.02680","9"
"504",43,"GO:1904680","peptide transmembrane transporter activity",18,3,0.69,"0.02748","9"
"505",44,"GO:0016773","phosphotransferase activity, alcohol group as acceptor",537,29,20.69,"0.02828","9"
"506",45,"GO:0016787","hydrolase activity",1307,71,50.35,"0.02859","9"
"507",46,"GO:0016788","hydrolase activity, acting on ester bonds",498,27,19.18,"0.03210","9"
"508",47,"GO:0004535","poly(A)-specific ribonuclease activity",8,2,0.31,"0.03327","9"
"509",48,"GO:0016229","steroid dehydrogenase activity",8,2,0.31,"0.03327","9"
"510",49,"GO:0035639","purine ribonucleoside triphosphate binding",302,18,11.63,"0.03335","9"
"511",50,"GO:0016710","trans-cinnamate 4-monooxygenase activity",1,1,0.04,"0.03716","9"
"512",51,"GO:0015026","coreceptor activity",1,1,0.04,"0.03716","9"
"513",52,"GO:0045431","flavonol synthase activity",1,1,0.04,"0.03716","9"
"514",53,"GO:0000170","sphingosine hydroxylase activity",1,1,0.04,"0.03716","9"
"515",54,"GO:0045436","lycopene beta cyclase activity",1,1,0.04,"0.03716","9"
"516",55,"GO:0004764","shikimate 3-dehydrogenase (NADP+) activity",1,1,0.04,"0.03716","9"
"517",56,"GO:0052637","delta 3-trans-hexadecenoic acid phosphatidylglycerol desaturase activity",1,1,0.04,"0.03716","9"
"518",57,"GO:0046510","UDP-sulfoquinovose:DAG sulfoquinovosyltransferase activity",1,1,0.04,"0.03716","9"
"519",58,"GO:0034618","arginine binding",1,1,0.04,"0.03716","9"
"520",59,"GO:0045548","phenylalanine ammonia-lyase activity",1,1,0.04,"0.03716","9"
"521",60,"GO:1904408","melatonin binding",1,1,0.04,"0.03716","9"
"522",61,"GO:0050072","m7G(5')pppN diphosphatase activity",1,1,0.04,"0.03716","9"
"523",62,"GO:0061604","molybdopterin-synthase sulfurtransferase activity",1,1,0.04,"0.03716","9"
"524",63,"GO:0061605","molybdopterin-synthase adenylyltransferase activity",1,1,0.04,"0.03716","9"
"525",64,"GO:0052928","CTP:3'-cytidine-tRNA cytidylyltransferase activity",1,1,0.04,"0.03716","9"
"526",65,"GO:0052929","ATP:3'-cytidine-cytidine-tRNA adenylyltransferase activity",1,1,0.04,"0.03716","9"
"527",66,"GO:0016642","oxidoreductase activity, acting on the CH-NH2 group of donors, disulfide as acceptor",1,1,0.04,"0.03716","9"
"528",67,"GO:0043998","H2A histone acetyltransferase activity",1,1,0.04,"0.03716","9"
"529",68,"GO:0042292","URM1 activating enzyme activity",1,1,0.04,"0.03716","9"
"530",69,"GO:0070524","11-beta-hydroxysteroid dehydrogenase (NADP+) activity",1,1,0.04,"0.03716","9"
"531",70,"GO:0016636","oxidoreductase activity, acting on the CH-CH group of donors, iron-sulfur protein as acceptor",1,1,0.04,"0.03716","9"
"532",71,"GO:0015334","high-affinity oligopeptide transmembrane transporter activity",1,1,0.04,"0.03716","9"
"533",72,"GO:0004375","glycine dehydrogenase (decarboxylating) activity",1,1,0.04,"0.03716","9"
"534",73,"GO:0008502","melatonin receptor activity",1,1,0.04,"0.03716","9"
"535",74,"GO:0070012","oligopeptidase activity",1,1,0.04,"0.03716","9"
"536",75,"GO:0102196","cortisol dehydrogenase activity",1,1,0.04,"0.03716","9"
"537",76,"GO:0003866","3-phosphoshikimate 1-carboxyvinyltransferase activity",1,1,0.04,"0.03716","9"
"538",77,"GO:0003855","3-dehydroquinate dehydratase activity",1,1,0.04,"0.03716","9"
"539",78,"GO:0003856","3-dehydroquinate synthase activity",1,1,0.04,"0.03716","9"
"540",79,"GO:0004810","tRNA adenylyltransferase activity",1,1,0.04,"0.03716","9"
"541",80,"GO:0003991","acetylglutamate kinase activity",1,1,0.04,"0.03716","9"
"542",81,"GO:0051750","delta(3,5)-delta(2,4)-dienoyl-CoA isomerase activity",1,1,0.04,"0.03716","9"
"543",82,"GO:0016594","glycine binding",1,1,0.04,"0.03716","9"
"544",83,"GO:0008685","2-C-methyl-D-erythritol 2,4-cyclodiphosphate synthase activity",1,1,0.04,"0.03716","9"
"545",84,"GO:1990817","RNA adenylyltransferase activity",1,1,0.04,"0.03716","9"
"546",85,"GO:0080124","pheophytinase activity",1,1,0.04,"0.03716","9"
"547",86,"GO:0003845","11-beta-hydroxysteroid dehydrogenase [NAD(P)] activity",1,1,0.04,"0.03716","9"
"548",87,"GO:0047213","anthocyanidin 3-O-glucosyltransferase activity",1,1,0.04,"0.03716","9"
"549",88,"GO:0102389","polyprenol reductase activity",1,1,0.04,"0.03716","9"
"550",89,"GO:0102654","1-18:1-2-16:0-phosphatidylglycerol trans-3 desaturase activity",1,1,0.04,"0.03716","9"
"551",90,"GO:0010290","chlorophyll catabolite transmembrane transporter activity",1,1,0.04,"0.03716","9"
"552",91,"GO:0062046","dehydropipecolic acid reductase",1,1,0.04,"0.03716","9"
"553",92,"GO:0051743","red chlorophyll catabolite reductase activity",1,1,0.04,"0.03716","9"
"554",93,"GO:0051744","3,8-divinyl protochlorophyllide a 8-vinyl reductase activity",1,1,0.04,"0.03716","9"
"555",94,"GO:0047485","protein N-terminus binding",1,1,0.04,"0.03716","9"
"556",95,"GO:0015431","ABC-type glutathione S-conjugate transporter activity",1,1,0.04,"0.03716","9"
"557",96,"GO:0033728","divinyl chlorophyllide a 8-vinyl-reductase activity",1,1,0.04,"0.03716","9"
"558",97,"GO:0004592","pantoate-beta-alanine ligase activity",1,1,0.04,"0.03716","9"
"559",98,"GO:0102851","1-18:2-2-16:0-phosphatidylglycerol desaturase activity",1,1,0.04,"0.03716","9"
"560",99,"GO:0003934","GTP cyclohydrolase I activity",1,1,0.04,"0.03716","9"
"561",100,"GO:0005216","ion channel activity",68,6,2.62,"0.04027","9"
"562",101,"GO:0004659","prenyltransferase activity",21,3,0.81,"0.04127","9"
"563",102,"GO:0016018","cyclosporin A binding",9,2,0.35,"0.04173","9"
"564",103,"GO:0016301","kinase activity",580,30,22.34,"0.04239","9"
"565",104,"GO:0016705","oxidoreductase activity, acting on paired donors, with incorporation or reduction of molecular oxygen",127,11,4.89,"0.04254","9"
"566",105,"GO:0016410","N-acyltransferase activity",36,4,1.39,"0.04345","9"
"567",106,"GO:0097367","carbohydrate derivative binding",359,20,13.83,"0.04712","9"
"568",107,"GO:0004527","exonuclease activity",54,5,2.08,"0.04950","9"
"569",5,"GO:0005525","GTP binding",67,13,4.32,"0.00014","10"
"570",6,"GO:0045309","protein phosphorylated amino acid binding",10,5,0.65,"0.00015","10"
"571",7,"GO:0005200","structural constituent of cytoskeleton",17,6,1.1,"0.00032","10"
"572",8,"GO:0097573","glutathione oxidoreductase activity",24,7,1.55,"0.00038","10"
"573",9,"GO:0061631","ubiquitin conjugating enzyme activity",19,6,1.23,"0.00063","10"
"574",10,"GO:0030527","structural constituent of chromatin",19,6,1.23,"0.00063","10"
"575",11,"GO:0020037","heme binding",108,16,6.97,"0.00068","10"
"576",12,"GO:0051015","actin filament binding",51,10,3.29,"0.00076","10"
"577",13,"GO:0009055","electron transfer activity",43,9,2.78,"0.00085","10"
"578",14,"GO:0035064","methylated histone binding",14,5,0.9,"0.00097","10"
"579",15,"GO:0042578","phosphoric ester hydrolase activity",221,30,14.26,"0.00184","10"
"580",16,"GO:0005488","binding",5104,412,329.4,"0.00214","10"
"581",17,"GO:0016491","oxidoreductase activity",621,72,40.08,"0.00291","10"
"582",18,"GO:0004857","enzyme inhibitor activity",51,9,3.29,"0.00298","10"
"583",19,"GO:0016788","hydrolase activity, acting on ester bonds",498,60,32.14,"0.00306","10"
"584",20,"GO:0019901","protein kinase binding",42,8,2.71,"0.00307","10"
"585",21,"GO:0018812","3-hydroxyacyl-CoA dehydratase activity",2,2,0.13,"0.00358","10"
"586",22,"GO:0102158","very-long-chain 3-hydroxyacyl-CoA dehydratase activity",2,2,0.13,"0.00358","10"
"587",23,"GO:0034480","phosphatidylcholine phospholipase C activity",2,2,0.13,"0.00358","10"
"588",24,"GO:0102343","3-hydroxy-arachidoyl-CoA dehydratase activity",2,2,0.13,"0.00358","10"
"589",25,"GO:0102344","3-hydroxy-behenoyl-CoA dehydratase activity",2,2,0.13,"0.00358","10"
"590",26,"GO:0102345","3-hydroxy-lignoceroyl-CoA dehydratase activity",2,2,0.13,"0.00358","10"
"591",27,"GO:0016295","myristoyl-[acyl-carrier-protein] hydrolase activity",2,2,0.13,"0.00358","10"
"592",28,"GO:0016296","palmitoyl-[acyl-carrier-protein] hydrolase activity",2,2,0.13,"0.00358","10"
"593",29,"GO:0004150","dihydroneopterin aldolase activity",2,2,0.13,"0.00358","10"
"594",30,"GO:0070003","threonine-type peptidase activity",6,3,0.39,"0.00373","10"
"595",31,"GO:0004089","carbonate dehydratase activity",6,3,0.39,"0.00373","10"
"596",32,"GO:0016791","phosphatase activity",188,21,12.13,"0.00433","10"
"597",33,"GO:0060090","molecular adaptor activity",69,10,4.45,"0.00769","10"
"598",34,"GO:0051536","iron-sulfur cluster binding",40,7,2.58,"0.00887","10"
"599",35,"GO:0043169","cation binding",808,79,52.15,"0.00916","10"
"600",36,"GO:0008798","beta-aspartyl-peptidase activity",3,2,0.19,"0.01032","10"
"601",37,"GO:0004664","prephenate dehydratase activity",3,2,0.19,"0.01032","10"
"602",38,"GO:0004020","adenylylsulfate kinase activity",3,2,0.19,"0.01032","10"
"603",39,"GO:0047769","arogenate dehydratase activity",3,2,0.19,"0.01032","10"
"604",40,"GO:0030674","protein-macromolecule adaptor activity",62,9,4,"0.01106","10"
"605",41,"GO:0003700","DNA-binding transcription factor activity",644,53,41.56,"0.01133","10"
"606",42,"GO:0019887","protein kinase regulator activity",42,7,2.71,"0.01158","10"
"607",43,"GO:0003824","catalytic activity",3999,325,258.08,"0.01216","10"
"608",44,"GO:0140110","transcription regulator activity",721,58,46.53,"0.01293","10"
"609",45,"GO:0019207","kinase regulator activity",43,7,2.78,"0.01313","10"
"610",46,"GO:0016746","acyltransferase activity",185,21,11.94,"0.01333","10"
"611",47,"GO:0016407","acetyltransferase activity",75,10,4.84,"0.01361","10"
"612",48,"GO:0016747","acyltransferase activity, transferring groups other than amino-acyl groups",173,20,11.16,"0.01380","10"
"613",49,"GO:0051539","4 iron, 4 sulfur cluster binding",25,5,1.61,"0.01485","10"
"614",50,"GO:0080030","methyl indole-3-acetate esterase activity",10,3,0.65,"0.01870","10"
"615",51,"GO:0046872","metal ion binding",792,76,51.11,"0.01938","10"
"616",52,"GO:0016985","mannan endo-1,4-beta-mannosidase activity",4,2,0.26,"0.01982","10"
"617",53,"GO:0031492","nucleosomal DNA binding",4,2,0.26,"0.01982","10"
"618",54,"GO:0016794","diphosphoric monoester hydrolase activity",4,2,0.26,"0.01982","10"
"619",55,"GO:0008453","alanine-glyoxylate transaminase activity",4,2,0.26,"0.01982","10"
"620",56,"GO:0008893","guanosine-3',5'-bis(diphosphate) 3'-diphosphatase activity",4,2,0.26,"0.01982","10"
"621",57,"GO:0003785","actin monomer binding",4,2,0.26,"0.01982","10"
"622",58,"GO:0004866","endopeptidase inhibitor activity",4,2,0.26,"0.01982","10"
"623",59,"GO:0015172","acidic amino acid transmembrane transporter activity",4,2,0.26,"0.01982","10"
"624",60,"GO:0031386","protein tag",4,2,0.26,"0.01982","10"
"625",61,"GO:0052747","sinapyl alcohol dehydrogenase activity",4,2,0.26,"0.01982","10"
"626",62,"GO:0016667","oxidoreductase activity, acting on a sulfur group of donors",71,14,4.58,"0.02020","10"
"627",63,"GO:0003924","GTPase activity",104,12,6.71,"0.02147","10"
"628",64,"GO:0008081","phosphoric diester hydrolase activity",30,7,1.94,"0.02350","10"
"629",65,"GO:0050308","sugar-phosphatase activity",11,3,0.71,"0.02459","10"
"630",66,"GO:0005506","iron ion binding",108,12,6.97,"0.02794","10"
"631",67,"GO:0016790","thiolester hydrolase activity",22,6,1.42,"0.02849","10"
"632",68,"GO:0016776","phosphotransferase activity, phosphate group as acceptor",20,4,1.29,"0.02869","10"
"633",69,"GO:0015556","C4-dicarboxylate transmembrane transporter activity",5,2,0.32,"0.03174","10"
"634",70,"GO:0030414","peptidase inhibitor activity",5,2,0.32,"0.03174","10"
"635",71,"GO:0015211","purine nucleoside transmembrane transporter activity",5,2,0.32,"0.03174","10"
"636",72,"GO:0090447","glycerol-3-phosphate 2-O-acyltransferase activity",5,2,0.32,"0.03174","10"
"637",73,"GO:0009927","histidine phosphotransfer kinase activity",5,2,0.32,"0.03174","10"
"638",74,"GO:0017169","CDP-alcohol phosphatidyltransferase activity",5,2,0.32,"0.03174","10"
"639",75,"GO:0043295","glutathione binding",5,2,0.32,"0.03174","10"
"640",76,"GO:0045551","cinnamyl-alcohol dehydrogenase activity",5,2,0.32,"0.03174","10"
"641",77,"GO:1900750","oligopeptide binding",5,2,0.32,"0.03174","10"
"642",78,"GO:0061135","endopeptidase regulator activity",5,2,0.32,"0.03174","10"
"643",79,"GO:0102210","rhamnogalacturonan endolyase activity",5,2,0.32,"0.03174","10"
"644",80,"GO:0004860","protein kinase inhibitor activity",5,2,0.32,"0.03174","10"
"645",81,"GO:0016835","carbon-oxygen lyase activity",71,13,4.58,"0.03265","10"
"646",82,"GO:0016289","CoA hydrolase activity",13,3,0.84,"0.03899","10"
"647",83,"GO:0016888","endodeoxyribonuclease activity, producing 5'-phosphomonoesters",13,3,0.84,"0.03899","10"
"648",84,"GO:0000030","mannosyltransferase activity",22,4,1.42,"0.03943","10"
"649",85,"GO:0016705","oxidoreductase activity, acting on paired donors, with incorporation or reduction of molecular oxygen",127,20,8.2,"0.04024","10"
"650",86,"GO:0005215","transporter activity",639,49,41.24,"0.04409","10"
"651",87,"GO:0016538","cyclin-dependent protein serine/threonine kinase regulator activity",23,4,1.48,"0.04555","10"
"652",88,"GO:0032451","demethylase activity",23,4,1.48,"0.04555","10"
"653",89,"GO:0003993","acid phosphatase activity",23,4,1.48,"0.04555","10"
"654",90,"GO:0004567","beta-mannosidase activity",6,2,0.39,"0.04574","10"
"655",91,"GO:0140414","phosphopantetheine-dependent carrier activity",6,2,0.39,"0.04574","10"
"656",92,"GO:0016712","oxidoreductase activity, acting on paired donors, with incorporation or reduction of molecular oxygen, reduced flavin or flavoprotein as one donor, and incorporation of one atom of oxygen",6,2,0.39,"0.04574","10"
"657",93,"GO:0051192","prosthetic group binding",6,2,0.39,"0.04574","10"
"658",94,"GO:0050997","quaternary ammonium group binding",6,2,0.39,"0.04574","10"
"659",95,"GO:0016889","endodeoxyribonuclease activity, producing 3'-phosphomonoesters",6,2,0.39,"0.04574","10"
"660",96,"GO:0008821","crossover junction endodeoxyribonuclease activity",6,2,0.39,"0.04574","10"
"661",97,"GO:0044620","ACP phosphopantetheine attachment site binding",6,2,0.39,"0.04574","10"
"662",98,"GO:0000036","acyl carrier activity",6,2,0.39,"0.04574","10"
"663",99,"GO:0019210","kinase inhibitor activity",6,2,0.39,"0.04574","10"
"664",100,"GO:0016168","chlorophyll binding",14,3,0.9,"0.04748","10"
"665",101,"GO:0022857","transmembrane transporter activity",614,47,39.63,"0.04906","10"
"666",3,"GO:0140101","catalytic activity, acting on a tRNA",95,9,2.28,"0.00035","16"
"667",4,"GO:0008173","RNA methyltransferase activity",44,6,1.06,"0.00049","16"
"668",5,"GO:0003824","catalytic activity",3999,136,96.03,"0.00087","16"
"669",6,"GO:0003676","nucleic acid binding",1844,66,44.28,"0.00127","16"
"670",7,"GO:0019156","isoamylase activity",3,2,0.07,"0.00158","16"
"671",8,"GO:0000981","DNA-binding transcription factor activity, RNA polymerase II-specific",104,8,2.5,"0.00285","16"
"672",9,"GO:0008028","monocarboxylic acid transmembrane transporter activity",13,3,0.31,"0.00296","16"
"673",10,"GO:0016881","acid-amino acid ligase activity",13,3,0.31,"0.00296","16"
"674",11,"GO:0046975","histone methyltransferase activity (H3-K36 specific)",4,2,0.1,"0.00311","16"
"675",12,"GO:0009982","pseudouridine synthase activity",15,3,0.36,"0.00455","16"
"676",13,"GO:0000149","SNARE binding",48,5,1.15,"0.00489","16"
"677",14,"GO:0102210","rhamnogalacturonan endolyase activity",5,2,0.12,"0.00510","16"
"678",15,"GO:0004652","polynucleotide adenylyltransferase activity",5,2,0.12,"0.00510","16"
"679",16,"GO:0000978","RNA polymerase II cis-regulatory region sequence-specific DNA binding",91,7,2.19,"0.00514","16"
"680",17,"GO:0004519","endonuclease activity",71,6,1.7,"0.00597","16"
"681",18,"GO:0042802","identical protein binding",238,12,5.72,"0.00961","16"
"682",19,"GO:0016875","ligase activity, forming carbon-oxygen bonds",37,4,0.89,"0.01021","16"
"683",20,"GO:0004812","aminoacyl-tRNA ligase activity",37,4,0.89,"0.01021","16"
"684",21,"GO:0070567","cytidylyltransferase activity",7,2,0.17,"0.01039","16"
"685",22,"GO:0046983","protein dimerization activity",307,14,7.37,"0.01243","16"
"686",23,"GO:0016787","hydrolase activity",1307,48,31.39,"0.01357","16"
"687",24,"GO:0008318","protein prenyltransferase activity",8,2,0.19,"0.01365","16"
"688",25,"GO:0003677","DNA binding",850,34,20.41,"0.01474","16"
"689",26,"GO:0015293","symporter activity",23,3,0.55,"0.01546","16"
"690",27,"GO:0015144","carbohydrate transmembrane transporter activity",43,4,1.03,"0.01713","16"
"691",28,"GO:0035198","miRNA binding",9,2,0.22,"0.01728","16"
"692",29,"GO:0046982","protein heterodimerization activity",68,5,1.63,"0.02052","16"
"693",30,"GO:0015174","basic amino acid transmembrane transporter activity",10,2,0.24,"0.02127","16"
"694",31,"GO:0061980","regulatory RNA binding",10,2,0.24,"0.02127","16"
"695",32,"GO:0140640","catalytic activity, acting on a nucleic acid",433,26,10.4,"0.02292","16"
"696",33,"GO:0016300","tRNA (uracil) methyltransferase activity",1,1,0.02,"0.02316","16"
"697",34,"GO:0070728","leucine binding",1,1,0.02,"0.02316","16"
"698",35,"GO:0009020","tRNA (guanosine-2'-O-)-methyltransferase activity",1,1,0.02,"0.02316","16"
"699",36,"GO:0004357","glutamate-cysteine ligase activity",1,1,0.02,"0.02316","16"
"700",37,"GO:0102057","jasmonoyl-valine synthetase activity",1,1,0.02,"0.02316","16"
"701",38,"GO:0102058","jasmonoyl-leucine synthetase activity",1,1,0.02,"0.02316","16"
"702",39,"GO:0080123","jasmonate-amino synthetase activity",1,1,0.02,"0.02316","16"
"703",40,"GO:0009039","urease activity",1,1,0.02,"0.02316","16"
"704",41,"GO:0004587","ornithine-oxo-acid transaminase activity",1,1,0.02,"0.02316","16"
"705",42,"GO:0047652","allantoate deiminase activity",1,1,0.02,"0.02316","16"
"706",43,"GO:0098505","G-rich strand telomeric DNA binding",1,1,0.02,"0.02316","16"
"707",44,"GO:0004105","choline-phosphate cytidylyltransferase activity",1,1,0.02,"0.02316","16"
"708",45,"GO:0103066","4alpha-carboxy-4beta-methyl-5alpha-cholesta-8-en-3beta-ol:NAD(P)+ 3-oxidoreductase (decarboxylating) activity",1,1,0.02,"0.02316","16"
"709",46,"GO:0103067","4alpha-carboxy-5alpha-cholesta-8-en-3beta-ol:NAD(P)+ 3-dehydrogenase (decarboxylating) activity",1,1,0.02,"0.02316","16"
"710",47,"GO:0050155","ornithine(lysine) transaminase activity",1,1,0.02,"0.02316","16"
"711",48,"GO:0015180","L-alanine transmembrane transporter activity",1,1,0.02,"0.02316","16"
"712",49,"GO:0010484","H3 histone acetyltransferase activity",1,1,0.02,"0.02316","16"
"713",50,"GO:0003842","1-pyrroline-5-carboxylate dehydrogenase activity",1,1,0.02,"0.02316","16"
"714",51,"GO:0008832","dGTPase activity",1,1,0.02,"0.02316","16"
"715",52,"GO:0106144","fraxetin 5-hydroxylase activity",1,1,0.02,"0.02316","16"
"716",53,"GO:0035402","histone kinase activity (H3-T11 specific)",1,1,0.02,"0.02316","16"
"717",54,"GO:0046921","alpha-(1->6)-fucosyltransferase activity",1,1,0.02,"0.02316","16"
"718",55,"GO:1990817","RNA adenylyltransferase activity",1,1,0.02,"0.02316","16"
"719",56,"GO:0016793","triphosphoric monoester hydrolase activity",1,1,0.02,"0.02316","16"
"720",57,"GO:0043842","Kdo transferase activity",1,1,0.02,"0.02316","16"
"721",58,"GO:0004416","hydroxyacylglutathione hydrolase activity",1,1,0.02,"0.02316","16"
"722",59,"GO:0052925","dol-P-Man:Man(5)GlcNAc(2)-PP-Dol alpha-1,3-mannosyltransferase activity",1,1,0.02,"0.02316","16"
"723",60,"GO:0052928","CTP:3'-cytidine-tRNA cytidylyltransferase activity",1,1,0.02,"0.02316","16"
"724",61,"GO:0052929","ATP:3'-cytidine-cytidine-tRNA adenylyltransferase activity",1,1,0.02,"0.02316","16"
"725",62,"GO:0031210","phosphatidylcholine binding",1,1,0.02,"0.02316","16"
"726",63,"GO:0052917","dolichyl-P-Man:Man(7)GlcNAc(2)-PP-dolichol alpha-1,6-mannosyltransferase",1,1,0.02,"0.02316","16"
"727",64,"GO:0090711","FMN hydrolase activity",1,1,0.02,"0.02316","16"
"728",65,"GO:0046899","nucleoside triphosphate adenylate kinase activity",1,1,0.02,"0.02316","16"
"729",66,"GO:0004810","tRNA adenylyltransferase activity",1,1,0.02,"0.02316","16"
"730",67,"GO:0106050","tRNA 2'-O-methyltransferase activity",1,1,0.02,"0.02316","16"
"731",68,"GO:0004817","cysteine-tRNA ligase activity",1,1,0.02,"0.02316","16"
"732",69,"GO:0022858","alanine transmembrane transporter activity",1,1,0.02,"0.02316","16"
"733",70,"GO:0072354","histone kinase activity (H3-T3 specific)",1,1,0.02,"0.02316","16"
"734",71,"GO:0035184","histone threonine kinase activity",1,1,0.02,"0.02316","16"
"735",72,"GO:0030696","tRNA (m5U54) methyltransferase activity",1,1,0.02,"0.02316","16"
"736",73,"GO:0106073","dolichyl pyrophosphate Glc2Man9GlcNAc2 alpha-1,2-glucosyltransferase activity",1,1,0.02,"0.02316","16"
"737",74,"GO:0000252","C-3 sterol dehydrogenase (C-4 sterol decarboxylase) activity",1,1,0.02,"0.02316","16"
"738",75,"GO:0016411","acylglycerol O-acyltransferase activity",11,2,0.26,"0.02561","16"
"739",76,"GO:0005484","SNAP receptor activity",28,3,0.67,"0.02627","16"
"740",77,"GO:0004386","helicase activity",101,6,2.43,"0.02984","16"
"741",78,"GO:0008138","protein tyrosine/serine/threonine phosphatase activity",12,2,0.29,"0.03027","16"
"742",79,"GO:0051119","sugar transmembrane transporter activity",30,3,0.72,"0.03148","16"
"743",80,"GO:0004536","deoxyribonuclease activity",30,3,0.72,"0.03148","16"
"744",81,"GO:0016895","exodeoxyribonuclease activity, producing 5'-phosphomonoesters",13,2,0.31,"0.03523","16"
"745",82,"GO:0004725","protein tyrosine phosphatase activity",13,2,0.31,"0.03523","16"
"746",83,"GO:0004529","exodeoxyribonuclease activity",13,2,0.31,"0.03523","16"
"747",84,"GO:0140098","catalytic activity, acting on RNA",292,21,7.01,"0.03680","16"
"748",85,"GO:0016740","transferase activity",1670,57,40.1,"0.03976","16"
"749",86,"GO:0004197","cysteine-type endopeptidase activity",33,3,0.79,"0.04023","16"
"750",87,"GO:0008649","rRNA methyltransferase activity",14,2,0.34,"0.04049","16"
"751",88,"GO:0018024","histone-lysine N-methyltransferase activity",19,4,0.46,"0.04553","16"
"752",89,"GO:0000033","alpha-1,3-mannosyltransferase activity",2,1,0.05,"0.04578","16"
"753",90,"GO:0008988","rRNA (adenine-N6-)-methyltransferase activity",2,1,0.05,"0.04578","16"
"754",91,"GO:0004594","pantothenate kinase activity",2,1,0.05,"0.04578","16"
"755",92,"GO:0019150","D-ribulokinase activity",2,1,0.05,"0.04578","16"
"756",93,"GO:0000009","alpha-1,6-mannosyltransferase activity",2,1,0.05,"0.04578","16"
"757",94,"GO:0072542","protein phosphatase activator activity",2,1,0.05,"0.04578","16"
"758",95,"GO:0010521","telomerase inhibitor activity",2,1,0.05,"0.04578","16"
"759",96,"GO:0047012","sterol-4-alpha-carboxylate 3-dehydrogenase (decarboxylating) activity",2,1,0.05,"0.04578","16"
"760",97,"GO:0004348","glucosylceramidase activity",2,1,0.05,"0.04578","16"
"761",98,"GO:0004528","phosphodiesterase I activity",2,1,0.05,"0.04578","16"
"762",99,"GO:0015185","gamma-aminobutyric acid transmembrane transporter activity",2,1,0.05,"0.04578","16"
"763",100,"GO:0070878","primary miRNA binding",2,1,0.05,"0.04578","16"
"764",101,"GO:0003844","1,4-alpha-glucan branching enzyme activity",2,1,0.05,"0.04578","16"
"765",102,"GO:0015137","citrate transmembrane transporter activity",2,1,0.05,"0.04578","16"
"766",103,"GO:0034256","chlorophyll(ide) b reductase activity",2,1,0.05,"0.04578","16"
"767",104,"GO:1990610","acetolactate synthase regulator activity",2,1,0.05,"0.04578","16"
"768",105,"GO:0090560","2-(3-amino-3-carboxypropyl)histidine synthase activity",2,1,0.05,"0.04578","16"
"769",106,"GO:0004046","aminoacylase activity",2,1,0.05,"0.04578","16"
"770",107,"GO:0051018","protein kinase A binding",2,1,0.05,"0.04578","16"
"771",108,"GO:0045437","uridine nucleosidase activity",2,1,0.05,"0.04578","16"
"772",109,"GO:0102752","1,4-alpha-glucan branching enzyme activity (using a glucosylated glycogenin as primer for glycogen synthesis)",2,1,0.05,"0.04578","16"
"773",110,"GO:0019211","phosphatase activator activity",2,1,0.05,"0.04578","16"
"774",111,"GO:0016992","lipoate synthase activity",2,1,0.05,"0.04578","16"
"775",112,"GO:0005366","myo-inositol:proton symporter activity",2,1,0.05,"0.04578","16"
"776",113,"GO:0004823","leucine-tRNA ligase activity",2,1,0.05,"0.04578","16"
"777",114,"GO:0004824","lysine-tRNA ligase activity",2,1,0.05,"0.04578","16"
"778",115,"GO:0004815","aspartate-tRNA ligase activity",2,1,0.05,"0.04578","16"
"779",116,"GO:0034237","protein kinase A regulatory subunit binding",2,1,0.05,"0.04578","16"
"780",117,"GO:0071916","dipeptide transmembrane transporter activity",2,1,0.05,"0.04578","16"
"781",118,"GO:0004640","phosphoribosylanthranilate isomerase activity",2,1,0.05,"0.04578","16"
"782",119,"GO:0071933","Arp2/3 complex binding",2,1,0.05,"0.04578","16"
"783",120,"GO:0050263","ribosylpyrimidine nucleosidase activity",2,1,0.05,"0.04578","16"
"784",121,"GO:0005313","L-glutamate transmembrane transporter activity",2,1,0.05,"0.04578","16"
"785",122,"GO:0061665","SUMO ligase activity",2,1,0.05,"0.04578","16"
"786",123,"GO:0008962","phosphatidylglycerophosphatase activity",2,1,0.05,"0.04578","16"
"787",124,"GO:0140102","catalytic activity, acting on a rRNA",15,2,0.36,"0.04602","16"
"788",125,"GO:0016779","nucleotidyltransferase activity",91,7,2.19,"0.04823","16"
"789",2,"GO:0003735","structural constituent of ribosome",167,97,29.61,"< 1e-30","3"
"790",17,"GO:0043022","ribosome binding",25,12,4.43,"0.00012","3"
"791",18,"GO:0003924","GTPase activity",104,31,18.44,"0.00013","3"
"792",19,"GO:0019843","rRNA binding",49,21,8.69,"0.00014","3"
"793",20,"GO:0016861","intramolecular oxidoreductase activity, interconverting aldoses and ketoses",13,8,2.31,"0.00019","3"
"794",21,"GO:0000976","transcription cis-regulatory region binding",423,92,75,"0.00023","3"
"795",22,"GO:0004656","procollagen-proline 4-dioxygenase activity",8,6,1.42,"0.00027","3"
"796",23,"GO:0031072","heat shock protein binding",29,15,5.14,"0.00034","3"
"797",24,"GO:0004791","thioredoxin-disulfide reductase activity",6,5,1.06,"0.00044","3"
"798",25,"GO:0005524","ATP binding",237,56,42.02,"0.00047","3"
"799",26,"GO:0016831","carboxy-lyase activity",32,13,5.67,"0.00049","3"
"800",27,"GO:0003997","acyl-CoA oxidase activity",4,4,0.71,"0.00055","3"
"801",28,"GO:0009678","pyrophosphate hydrolysis-driven proton transmembrane transporter activity",25,11,4.43,"0.00059","3"
"802",29,"GO:0015297","antiporter activity",89,26,15.78,"0.00062","3"
"803",30,"GO:0031418","L-ascorbic acid binding",9,6,1.6,"0.00071","3"
"804",31,"GO:0003746","translation elongation factor activity",9,6,1.6,"0.00071","3"
"805",32,"GO:0008143","poly(A) binding",12,7,2.13,"0.00076","3"
"806",33,"GO:0016705","oxidoreductase activity, acting on paired donors, with incorporation or reduction of molecular oxygen",127,41,22.52,"0.00082","3"
"807",34,"GO:0050897","cobalt ion binding",26,11,4.61,"0.00088","3"
"808",35,"GO:0016878","acid-thiol ligase activity",19,9,3.37,"0.00098","3"
"809",36,"GO:0004190","aspartic-type endopeptidase activity",23,10,4.08,"0.00117","3"
"810",37,"GO:0015144","carbohydrate transmembrane transporter activity",43,15,7.62,"0.00122","3"
"811",38,"GO:0015318","inorganic molecular entity transmembrane transporter activity",272,84,48.23,"0.00129","3"
"812",39,"GO:0003824","catalytic activity",3999,889,709.09,"0.00130","3"
"813",40,"GO:0005488","binding",5104,1120,905.02,"0.00131","3"
"814",41,"GO:0033293","monocarboxylic acid binding",31,12,5.5,"0.00133","3"
"815",42,"GO:0030515","snoRNA binding",16,10,2.84,"0.00142","3"
"816",43,"GO:0016682","oxidoreductase activity, acting on diphenols and related substances as donors, oxygen as acceptor",13,7,2.31,"0.00143","3"
"817",44,"GO:0051287","NAD binding",44,15,7.8,"0.00160","3"
"818",45,"GO:0008483","transaminase activity",32,12,5.67,"0.00183","3"
"819",46,"GO:0004448","isocitrate dehydrogenase [NAD(P)+] activity",5,4,0.89,"0.00241","3"
"820",47,"GO:0003700","DNA-binding transcription factor activity",644,125,114.19,"0.00244","3"
"821",48,"GO:0019842","vitamin binding",71,27,12.59,"0.00287","3"
"822",49,"GO:0004497","monooxygenase activity",74,21,13.12,"0.00294","3"
"823",50,"GO:0004029","aldehyde dehydrogenase (NAD+) activity",11,6,1.95,"0.00296","3"
"824",51,"GO:0102756","very-long-chain 3-ketoacyl-CoA synthase activity",11,6,1.95,"0.00296","3"
"825",52,"GO:0051015","actin filament binding",51,16,9.04,"0.00300","3"
"826",53,"GO:0043878","glyceraldehyde-3-phosphate dehydrogenase (NAD+) (non-phosphorylating) activity",8,5,1.42,"0.00314","3"
"827",54,"GO:0000774","adenyl-nucleotide exchange factor activity",8,5,1.42,"0.00314","3"
"828",55,"GO:0050661","NADP binding",30,11,5.32,"0.00345","3"
"829",56,"GO:0004568","chitinase activity",3,3,0.53,"0.00359","3"
"830",57,"GO:1901982","maltose binding",3,3,0.53,"0.00359","3"
"831",58,"GO:0017172","cysteine dioxygenase activity",3,3,0.53,"0.00359","3"
"832",59,"GO:0047196","long-chain-alcohol O-fatty-acyltransferase activity",3,3,0.53,"0.00359","3"
"833",60,"GO:0034513","box H/ACA snoRNA binding",3,3,0.53,"0.00359","3"
"834",61,"GO:0005536","glucose binding",3,3,0.53,"0.00359","3"
"835",62,"GO:0005460","UDP-glucose transmembrane transporter activity",3,3,0.53,"0.00359","3"
"836",63,"GO:0102966","arachidoyl-CoA:1-dodecanol O-acyltransferase activity",3,3,0.53,"0.00359","3"
"837",64,"GO:0004834","tryptophan synthase activity",3,3,0.53,"0.00359","3"
"838",65,"GO:0016616","oxidoreductase activity, acting on the CH-OH group of donors, NAD or NADP as acceptor",95,28,16.84,"0.00371","3"
"839",66,"GO:0043168","anion binding",550,142,97.52,"0.00388","3"
"840",67,"GO:0140102","catalytic activity, acting on a rRNA",15,7,2.66,"0.00406","3"
"841",68,"GO:0005346","purine ribonucleotide transmembrane transporter activity",15,7,2.66,"0.00406","3"
"842",69,"GO:0000287","magnesium ion binding",57,17,10.11,"0.00407","3"
"843",70,"GO:0097367","carbohydrate derivative binding",359,86,63.66,"0.00427","3"
"844",71,"GO:0015079","potassium ion transmembrane transporter activity",35,12,6.21,"0.00434","3"
"845",72,"GO:0016879","ligase activity, forming carbon-nitrogen bonds",40,13,7.09,"0.00513","3"
"846",73,"GO:0030544","Hsp70 protein binding",12,6,2.13,"0.00516","3"
"847",74,"GO:0015095","magnesium ion transmembrane transporter activity",12,6,2.13,"0.00516","3"
"848",75,"GO:0015276","ligand-gated ion channel activity",12,6,2.13,"0.00516","3"
"849",76,"GO:0016740","transferase activity",1670,305,296.12,"0.00531","3"
"850",77,"GO:0046873","metal ion transmembrane transporter activity",120,38,21.28,"0.00533","3"
"851",78,"GO:0019829","ATPase-coupled cation transmembrane transporter activity",36,12,6.38,"0.00562","3"
"852",79,"GO:0042910","xenobiotic transmembrane transporter activity",32,11,5.67,"0.00609","3"
"853",80,"GO:0046983","protein dimerization activity",307,71,54.44,"0.00610","3"
"854",81,"GO:0070181","small ribosomal subunit rRNA binding",9,5,1.6,"0.00617","3"
"855",82,"GO:0016717","oxidoreductase activity, acting on paired donors, with oxidation of a pair of donors resulting in the reduction of molecular oxygen to two molecules of water",9,5,1.6,"0.00617","3"
"856",83,"GO:0051787","misfolded protein binding",9,5,1.6,"0.00617","3"
"857",84,"GO:0003730","mRNA 3'-UTR binding",16,7,2.84,"0.00627","3"
"858",85,"GO:0009922","fatty acid elongase activity",6,4,1.06,"0.00636","3"
"859",86,"GO:0004144","diacylglycerol O-acyltransferase activity",6,4,1.06,"0.00636","3"
"860",87,"GO:0022857","transmembrane transporter activity",614,178,108.87,"0.00669","3"
"861",88,"GO:0015294","solute:cation symporter activity",20,8,3.55,"0.00672","3"
"862",89,"GO:0042803","protein homodimerization activity",135,32,23.94,"0.00673","3"
"863",90,"GO:0043169","cation binding",808,211,143.27,"0.00684","3"
"864",91,"GO:0030170","pyridoxal phosphate binding",51,15,9.04,"0.00777","3"
"865",92,"GO:0015075","ion transmembrane transporter activity",332,100,58.87,"0.00794","3"
"866",93,"GO:0016620","oxidoreductase activity, acting on the aldehyde or oxo group of donors, NAD or NADP as acceptor",24,12,4.26,"0.00826","3"
"867",94,"GO:0008514","organic anion transmembrane transporter activity",69,21,12.23,"0.00872","3"
"868",95,"GO:0019783","ubiquitin-like protein peptidase activity",47,14,8.33,"0.00883","3"
"869",96,"GO:0030234","enzyme regulator activity",186,45,32.98,"0.00916","3"
"870",97,"GO:0005200","structural constituent of cytoskeleton",17,7,3.01,"0.00927","3"
"871",98,"GO:0016405","CoA-ligase activity",17,7,3.01,"0.00927","3"
"872",99,"GO:0044183","protein folding chaperone",17,7,3.01,"0.00927","3"
"873",100,"GO:0036094","small molecule binding",599,161,106.21,"0.00961","3"
"874",101,"GO:0071949","FAD binding",34,11,6.03,"0.01008","3"
"875",102,"GO:0032553","ribonucleotide binding",340,81,60.29,"0.01016","3"
"876",103,"GO:0005525","GTP binding",67,18,11.88,"0.01038","3"
"877",104,"GO:0019001","guanyl nucleotide binding",67,18,11.88,"0.01038","3"
"878",105,"GO:0032561","guanyl ribonucleotide binding",67,18,11.88,"0.01038","3"
"879",106,"GO:0015078","proton transmembrane transporter activity",73,25,12.94,"0.01044","3"
"880",107,"GO:0016903","oxidoreductase activity, acting on the aldehyde or oxo group of donors",34,17,6.03,"0.01061","3"
"881",108,"GO:0140096","catalytic activity, acting on a protein",1247,247,221.11,"0.01069","3"
"882",109,"GO:0015562","efflux transmembrane transporter activity",10,5,1.77,"0.01079","3"
"883",110,"GO:0030570","pectate lyase activity",10,5,1.77,"0.01079","3"
"884",111,"GO:0005217","intracellular ligand-gated ion channel activity",10,5,1.77,"0.01079","3"
"885",112,"GO:0051119","sugar transmembrane transporter activity",30,10,5.32,"0.01111","3"
"886",113,"GO:0015103","inorganic anion transmembrane transporter activity",58,16,10.28,"0.01171","3"
"887",114,"GO:0052689","carboxylic ester hydrolase activity",93,23,16.49,"0.01184","3"
"888",115,"GO:0016788","hydrolase activity, acting on ester bonds",498,95,88.3,"0.01216","3"
"889",116,"GO:0032555","purine ribonucleotide binding",321,77,56.92,"0.01256","3"
"890",117,"GO:0009916","alternative oxidase activity",4,3,0.71,"0.01272","3"
"891",118,"GO:0045735","nutrient reservoir activity",4,3,0.71,"0.01272","3"
"892",119,"GO:0005242","inward rectifier potassium channel activity",4,3,0.71,"0.01272","3"
"893",120,"GO:0008649","rRNA methyltransferase activity",14,6,2.48,"0.01274","3"
"894",121,"GO:0019787","ubiquitin-like protein transferase activity",201,43,35.64,"0.01297","3"
"895",122,"GO:0004427","inorganic diphosphate phosphatase activity",7,4,1.24,"0.01304","3"
"896",123,"GO:0016624","oxidoreductase activity, acting on the aldehyde or oxo group of donors, disulfide as acceptor",7,4,1.24,"0.01304","3"
"897",124,"GO:0016208","AMP binding",7,4,1.24,"0.01304","3"
"898",125,"GO:0004553","hydrolase activity, hydrolyzing O-glycosyl compounds",167,39,29.61,"0.01448","3"
"899",126,"GO:0016798","hydrolase activity, acting on glycosyl bonds",189,43,33.51,"0.01454","3"
"900",127,"GO:0097159","organic cyclic compound binding",2448,603,434.07,"0.01476","3"
"901",128,"GO:0035639","purine ribonucleoside triphosphate binding",302,73,53.55,"0.01501","3"
"902",129,"GO:0017076","purine nucleotide binding",329,80,58.34,"0.01619","3"
"903",130,"GO:0046915","transition metal ion transmembrane transporter activity",41,12,7.27,"0.01705","3"
"904",131,"GO:0051879","Hsp90 protein binding",11,5,1.95,"0.01732","3"
"905",132,"GO:0016638","oxidoreductase activity, acting on the CH-NH2 group of donors",11,5,1.95,"0.01732","3"
"906",133,"GO:0051087","chaperone binding",32,10,5.67,"0.01788","3"
"907",134,"GO:0016701","oxidoreductase activity, acting on single donors with incorporation of molecular oxygen",22,10,3.9,"0.01807","3"
"908",135,"GO:0016671","oxidoreductase activity, acting on a sulfur group of donors, disulfide as acceptor",19,7,3.37,"0.01818","3"
"909",136,"GO:0008757","S-adenosylmethionine-dependent methyltransferase activity",107,25,18.97,"0.01828","3"
"910",137,"GO:0022890","inorganic cation transmembrane transporter activity",191,64,33.87,"0.01839","3"
"911",138,"GO:1901681","sulfur compound binding",15,6,2.66,"0.01852","3"
"912",139,"GO:0000295","adenine nucleotide transmembrane transporter activity",15,6,2.66,"0.01852","3"
"913",140,"GO:0046872","metal ion binding",792,205,140.43,"0.01953","3"
"914",141,"GO:0008509","anion transmembrane transporter activity",126,36,22.34,"0.02117","3"
"915",142,"GO:0005261","cation channel activity",47,13,8.33,"0.02139","3"
"916",143,"GO:1901363","heterocyclic compound binding",2432,599,431.23,"0.02210","3"
"917",144,"GO:0050664","oxidoreductase activity, acting on NAD(P)H, oxygen as acceptor",8,4,1.42,"0.02295","3"
"918",145,"GO:0005504","fatty acid binding",8,4,1.42,"0.02295","3"
"919",146,"GO:0031369","translation initiation factor binding",8,4,1.42,"0.02295","3"
"920",147,"GO:0004340","glucokinase activity",2,2,0.35,"0.02347","3"
"921",148,"GO:0004450","isocitrate dehydrogenase (NADP+) activity",2,2,0.35,"0.02347","3"
"922",149,"GO:0016434","rRNA (cytosine) methyltransferase activity",2,2,0.35,"0.02347","3"
"923",150,"GO:0052640","salicylic acid glucosyltransferase (glucoside-forming) activity",2,2,0.35,"0.02347","3"
"924",151,"GO:0017057","6-phosphogluconolactonase activity",2,2,0.35,"0.02347","3"
"925",152,"GO:0004128","cytochrome-b5 reductase activity, acting on NAD(P)H",2,2,0.35,"0.02347","3"
"926",153,"GO:0070548","L-glutamine aminotransferase activity",2,2,0.35,"0.02347","3"
"927",154,"GO:0009674","potassium:sodium symporter activity",2,2,0.35,"0.02347","3"
"928",155,"GO:0080097","L-tryptophan:pyruvate aminotransferase activity",2,2,0.35,"0.02347","3"
"929",156,"GO:0004028","3-chloroallyl aldehyde dehydrogenase activity",2,2,0.35,"0.02347","3"
"930",157,"GO:0030594","neurotransmitter receptor activity",2,2,0.35,"0.02347","3"
"931",158,"GO:0070678","preprotein binding",2,2,0.35,"0.02347","3"
"932",159,"GO:0015146","pentose transmembrane transporter activity",2,2,0.35,"0.02347","3"
"933",160,"GO:0004751","ribose-5-phosphate isomerase activity",2,2,0.35,"0.02347","3"
"934",161,"GO:0004774","succinate-CoA ligase activity",2,2,0.35,"0.02347","3"
"935",162,"GO:0004775","succinate-CoA ligase (ADP-forming) activity",2,2,0.35,"0.02347","3"
"936",163,"GO:0004749","ribose phosphate diphosphokinase activity",2,2,0.35,"0.02347","3"
"937",164,"GO:0004970","ionotropic glutamate receptor activity",2,2,0.35,"0.02347","3"
"938",165,"GO:0019784","deNEDDylase activity",2,2,0.35,"0.02347","3"
"939",166,"GO:0015228","coenzyme A transmembrane transporter activity",2,2,0.35,"0.02347","3"
"940",167,"GO:0005093","Rab GDP-dissociation inhibitor activity",2,2,0.35,"0.02347","3"
"941",168,"GO:0045140","inositol phosphoceramide synthase activity",2,2,0.35,"0.02347","3"
"942",169,"GO:0022824","transmitter-gated ion channel activity",2,2,0.35,"0.02347","3"
"943",170,"GO:0022835","transmitter-gated channel activity",2,2,0.35,"0.02347","3"
"944",171,"GO:0003987","acetate-CoA ligase activity",2,2,0.35,"0.02347","3"
"945",172,"GO:0003988","acetyl-CoA C-acyltransferase activity",2,2,0.35,"0.02347","3"
"946",173,"GO:0004362","glutathione-disulfide reductase (NADPH) activity",2,2,0.35,"0.02347","3"
"947",174,"GO:0005230","extracellular ligand-gated ion channel activity",2,2,0.35,"0.02347","3"
"948",175,"GO:0003723","RNA binding",956,275,169.51,"0.02355","3"
"949",176,"GO:0004842","ubiquitin-protein transferase activity",192,40,34.04,"0.02425","3"
"950",177,"GO:0045182","translation regulator activity",64,33,11.35,"0.02504","3"
"951",178,"GO:0046982","protein heterodimerization activity",68,17,12.06,"0.02521","3"
"952",179,"GO:0046961","proton-transporting ATPase activity, rotational mechanism",16,6,2.84,"0.02587","3"
"953",180,"GO:0042625","ATPase-coupled ion transmembrane transporter activity",16,6,2.84,"0.02587","3"
"954",181,"GO:0044769","ATPase activity, coupled to transmembrane movement of ions, rotational mechanism",16,6,2.84,"0.02587","3"
"955",182,"GO:0005262","calcium channel activity",16,6,2.84,"0.02587","3"
"956",183,"GO:0015085","calcium ion transmembrane transporter activity",34,10,6.03,"0.02729","3"
"957",184,"GO:0051903","S-(hydroxymethyl)glutathione dehydrogenase activity",5,3,0.89,"0.02819","3"
"958",185,"GO:0030976","thiamine pyrophosphate binding",5,3,0.89,"0.02819","3"
"959",186,"GO:0016641","oxidoreductase activity, acting on the CH-NH2 group of donors, oxygen as acceptor",5,3,0.89,"0.02819","3"
"960",187,"GO:0016647","oxidoreductase activity, acting on the CH-NH group of donors, oxygen as acceptor",5,3,0.89,"0.02819","3"
"961",188,"GO:0048040","UDP-glucuronate decarboxylase activity",5,3,0.89,"0.02819","3"
"962",189,"GO:0099094","ligand-gated cation channel activity",5,3,0.89,"0.02819","3"
"963",190,"GO:0004024","alcohol dehydrogenase activity, zinc-dependent",5,3,0.89,"0.02819","3"
"964",191,"GO:0030371","translation repressor activity",5,3,0.89,"0.02819","3"
"965",192,"GO:0008865","fructokinase activity",5,3,0.89,"0.02819","3"
"966",193,"GO:0001671","ATPase activator activity",5,3,0.89,"0.02819","3"
"967",194,"GO:0004396","hexokinase activity",5,3,0.89,"0.02819","3"
"968",195,"GO:0101005","deubiquitinase activity",44,12,7.8,"0.02942","3"
"969",196,"GO:0016830","carbon-carbon lyase activity",62,22,10.99,"0.03062","3"
"970",197,"GO:0140098","catalytic activity, acting on RNA",292,61,51.78,"0.03301","3"
"971",198,"GO:0016627","oxidoreductase activity, acting on the CH-CH group of donors",49,16,8.69,"0.03433","3"
"972",199,"GO:0015926","glucosidase activity",45,12,7.98,"0.03471","3"
"973",200,"GO:0140323","solute:anion antiporter activity",17,6,3.01,"0.03493","3"
"974",201,"GO:0008171","O-methyltransferase activity",17,6,3.01,"0.03493","3"
"975",202,"GO:0098772","molecular function regulator activity",203,54,36,"0.03523","3"
"976",203,"GO:0016860","intramolecular oxidoreductase activity",39,16,6.92,"0.03526","3"
"977",204,"GO:0047372","acylglycerol lipase activity",9,4,1.6,"0.03638","3"
"978",205,"GO:0016160","amylase activity",9,4,1.6,"0.03638","3"
"979",206,"GO:0015645","fatty acid ligase activity",9,4,1.6,"0.03638","3"
"980",207,"GO:0070180","large ribosomal subunit rRNA binding",9,4,1.6,"0.03638","3"
"981",208,"GO:0015217","ADP transmembrane transporter activity",9,4,1.6,"0.03638","3"
"982",209,"GO:0008237","metallopeptidase activity",66,16,11.7,"0.03821","3"
"983",210,"GO:0016763","pentosyltransferase activity",31,9,5.5,"0.03830","3"
"984",211,"GO:0016757","glycosyltransferase activity",314,60,55.68,"0.03843","3"
"985",212,"GO:0016829","lyase activity",167,44,29.61,"0.04068","3"
"986",213,"GO:0022804","active transmembrane transporter activity",264,73,46.81,"0.04391","3"
"987",214,"GO:0042626","ATPase-coupled transmembrane transporter activity",114,30,20.21,"0.04437","3"
"988",215,"GO:0015145","monosaccharide transmembrane transporter activity",18,6,3.19,"0.04579","3"
"989",216,"GO:0043177","organic acid binding",51,17,9.04,"0.04688","3"
"990",217,"GO:0016651","oxidoreductase activity, acting on NAD(P)H",37,10,6.56,"0.04728","3"
"991",218,"GO:0008324","cation transmembrane transporter activity",211,67,37.41,"0.04972","3"
