"","target_id","orthogroup","signal_peptide","tissue","ipro","ipro_desc","module","ATgene_ID","TopBLASTHit_Symbol","TopBLASTHit_Name","TopBLASTHit_Position"
"1","Dm_00000039-RA","OG0000212","CS pos: 32-33. ANG-AG. Pr: 0.8263","TrCor","IPR002016, IPR019794, IPR010255, IPR033905, IPR000823","Haem peroxidase, plant/fungal/bacterial, Peroxidase, active site, Haem peroxidase, Secretory peroxidase, Plant peroxidase",9,NA,NA,NA,NA
"2","Dm_00000040-RA","OG0000212","CS pos: 26-27. AAG-QL. Pr: 0.3418","GlCo, GlIn","IPR010255, IPR002016, IPR019793, IPR019794, IPR000823, IPR033905","Haem peroxidase, Haem peroxidase, plant/fungal/bacterial, Peroxidases heam-ligand binding site, Peroxidase, active site, Plant peroxidase, Secretory peroxidase",3,"AT5G05340.1","Symbols: PRX52","peroxidase 52","chr5:1579142-1580819 REVERSE LENGTH=324"
"3","Dm_00000118-RA","OG0003044","CS pos: 25-26. TNA-FE. Pr: 0.6559","GlCo, GlIn, Ro","IPR009009, IPR007112, IPR007118, IPR007117, IPR002963","RlpA-like protein, double-psi beta-barrel domain, Expansin/pollen allergen, DPBB domain, Expansin/Lol pI, Expansin, cellulose-binding-like domain, Expansin",3,"AT1G20190.1","Symbols: EXPA11, ATHEXP ALPHA 1.14, ATEXP11, EXP11, ATEXPA11","EXPANSIN  11, expansin 11","chr1:6998762-6999710 REVERSE LENGTH=252"
"4","Dm_00000161-RA","OG0002815","CS pos: 37-38. PLA-LP. Pr: 0.1302","GlCo","IPR010513, IPR008271, IPR000719, IPR018997, IPR011009, IPR018391, IPR011047","KEN domain, Serine/threonine-protein kinase, active site, Protein kinase domain, PUB domain, Protein kinase-like domain, Pyrrolo-quinoline quinone beta-propeller repeat, Quinoprotein alcohol dehydrogenase-like superfamily",NA,NA,NA,NA,NA
"5","Dm_00000335-RA","OG0005099","CS pos: 22-23. SSS-VN. Pr: 0.2834","GlCo, GlIn, TrCor","IPR017853, IPR000490","Glycoside hydrolase superfamily, Glycoside hydrolase family 17",NA,NA,NA,NA,NA
"6","Dm_00000353-RA","OG0007935","CS pos: 22-23. VSA-LS. Pr: 0.6496","TrIn","IPR011009, IPR008271, IPR032675, IPR003591, IPR001611, IPR013210, IPR000719","Protein kinase-like domain, Serine/threonine-protein kinase, active site, Leucine-rich repeat domain, L domain-like, Leucine-rich repeat, typical subtype, Leucine-rich repeat, Leucine-rich repeat-containing N-terminal, plant-type, Protein kinase domain",4,"AT5G46330.2","Symbols: FLS2","FLAGELLIN-SENSITIVE 2","chr5:18791802-18795407 FORWARD LENGTH=1173"
"7","Dm_00000424-RA","OG0000508","CS pos: 36-37. IMA-VP. Pr: 0.4410","GlCo","IPR000504, IPR009818, IPR034823","RNA recognition motif domain, Ataxin-2, C-terminal, CID8-like protein, RNA recognition motif 1",3,"AT1G32790.1","Symbols: CID11","CTC-interacting domain 11","chr1:11875174-11877188 REVERSE LENGTH=358"
"8","Dm_00000445-RA","OG0000156","CS pos: 28-29. TIA-KD. Pr: 0.5395","GlCo, GlIn","IPR029047, IPR018181, IPR029048, IPR013126","Heat shock protein 70kD, peptide-binding domain, Heat shock protein 70, conserved site, Heat shock protein 70kD, C-terminal domain, Heat shock protein 70 family",10,"AT5G42020.1","Symbols: BIP2, BIP","luminal binding protein","chr5:16807697-16810480 REVERSE LENGTH=668"
"9","Dm_00000501-RA","OG0006265","CS pos: 23-24. ALC-EI. Pr: 0.6510","GlIn","IPR021109, IPR033121, IPR001461, IPR034161, IPR032861, IPR032799","Aspartic peptidase domain, Peptidase family A1 domain, Aspartic peptidase A1 family, Pepsin-like domain, plant, Xylanase inhibitor, N-terminal, Xylanase inhibitor, C-terminal",4,"AT3G59080.1","Symbols: no symbol available","no full name available","chr3:21836812-21838419 FORWARD LENGTH=535"
"10","Dm_00000781-RA","OG0001639","CS pos: 24-25. VSS-TC. Pr: 0.3531","GlIn","IPR029052, IPR004843, IPR008963, IPR015914, IPR025733","Metallo-dependent phosphatase-like, Calcineurin-like phosphoesterase domain, ApaH type, Purple acid phosphatase-like, N-terminal, Purple acid phosphatase, N-terminal, Iron/zinc purple acid phosphatase-like C-terminal domain",3,"AT3G52780.1","Symbols: ATPAP20, PAP20",NA,"chr3:19561525-19564195 REVERSE LENGTH=427"
"11","Dm_00000939-RA","OG0000846","CS pos: 31-32. LVA-QN. Pr: 0.3419","GlIn","IPR001002, IPR000726, IPR023346, IPR018371","Chitin-binding, type 1, Glycoside hydrolase, family 19, catalytic, Lysozyme-like domain, Chitin-binding, type 1, conserved site",3,"AT3G54420.1","Symbols: ATCHITIV, CHIV, EP3, ATEP3","CHITINASE CLASS IV, homolog of carrot EP3-3 chitinase","chr3:20145935-20147034 FORWARD LENGTH=273"
"12","Dm_00001119-RA","OG0000142","CS pos: 24-25. SLA-DD. Pr: 0.7129","TrCor, TrIn","IPR002902","Gnk2-homologous domain",3,"AT5G48540.1","Symbols: no symbol available","no full name available","chr5:19669096-19669887 REVERSE LENGTH=263"
"13","Dm_00001160-RA","OG0005674","CS pos: 27-28. IYF-SR. Pr: 0.1207","GlIn","IPR017986, IPR015943","WD40-repeat-containing domain, WD40/YVTN repeat-like-containing domain",NA,NA,NA,NA,NA
"14","Dm_00001218-RA","OG0005174","CS pos: 27-28. VFA-VP. Pr: 0.9258","GlCo","IPR001727","Gdt1 family",NA,NA,NA,NA,NA
"15","Dm_00001318-RA","OG0000053","CS pos: 21-22. GEA-IA. Pr: 0.4732","GlCo, GlIn, TrCor","NA","NA",4,NA,NA,NA,NA
"16","Dm_00001327-RA","OG0000212","CS pos: 37-38. ANA-QP. Pr: 0.4634","GlIn","IPR002016, IPR010255, IPR033905, IPR000823, IPR019794, IPR019793","Haem peroxidase, plant/fungal/bacterial, Haem peroxidase, Secretory peroxidase, Plant peroxidase, Peroxidase, active site, Peroxidases heam-ligand binding site",4,"AT5G05340.1","Symbols: PRX52","peroxidase 52","chr5:1579142-1580819 REVERSE LENGTH=324"
"17","Dm_00001342-RA","OG0002750","CS pos: 25-26. SNA-GP. Pr: 0.3069","GlCo, GlIn","IPR029058, IPR001563, IPR018202","Alpha/Beta hydrolase fold, Peptidase S10, serine carboxypeptidase, Serine carboxypeptidase, serine active site",3,"AT2G27920.1","Symbols: SCPL51","serine carboxypeptidase-like 51","chr2:11885777-11889043 REVERSE LENGTH=461"
"18","Dm_00001424-RA","OG0000166","CS pos: 19-20. ASA-SS. Pr: 0.4951","GlIn, Ri","IPR032675, IPR013210, IPR001611, IPR003591","Leucine-rich repeat domain, L domain-like, Leucine-rich repeat-containing N-terminal, plant-type, Leucine-rich repeat, Leucine-rich repeat, typical subtype",24,"AT1G71400.1","Symbols: AtRLP12, RLP12","receptor like protein 12","chr1:26909905-26912448 FORWARD LENGTH=847"
"19","Dm_00001451-RA","OG0000065","CS pos: 22-23. VEG-AT. Pr: 0.3497","TrCor","IPR013128, IPR000668, IPR025660, IPR025661","Peptidase C1A, Peptidase C1A, papain C-terminal, Cysteine peptidase, histidine active site, Cysteine peptidase, asparagine active site",9,"AT5G45890.1","Symbols: SAG12, AtSAG12","senescence-associated gene 12","chr5:18613300-18614759 FORWARD LENGTH=346"
"20","Dm_00001560-RA","OG0006330","CS pos: 24-25. GRA-ES. Pr: 0.4569","GlCo, GlIn","IPR003689","Zinc/iron permease",3,NA,NA,NA,NA
"21","Dm_00001623-RA","OG0002557","CS pos: 25-26. ASA-KV. Pr: 0.8945","GlCo, GlIn","IPR009169, IPR013320, IPR009033, IPR001580, IPR018124","Calreticulin, Concanavalin A-like lectin/glucanase domain, Calreticulin/calnexin, P domain, Calreticulin/calnexin, Calreticulin/calnexin, conserved site",3,"AT1G09210.1","Symbols: CRT2, AtCRT1b, CRT1b","calreticulin 1b, CALRETICULIN 2","chr1:2973217-2976655 REVERSE LENGTH=424"
"22","Dm_00001670-RA","NA","CS pos: 20-21. IRG-AI. Pr: 0.5370","GlIn","NA","NA",2,NA,NA,NA,NA
"23","Dm_00001685-RA","OG0000109","CS pos: 21-22. VVS-SP. Pr: 0.5430","Pe, TrCor, TrIn","IPR012334, IPR002022, IPR011050, IPR018082","Pectin lyase fold, Pectate lyase, Pectin lyase fold/virulence factor, AmbAllergen",3,"AT5G63180.1","Symbols: no symbol available","no full name available","chr5:25341106-25343113 REVERSE LENGTH=432"
"24","Dm_00001714-RA","OG0000711","CS pos: 31-32. GWG-KD. Pr: 0.3669","GlCo","IPR003154, IPR008947","S1/P1 nuclease, Phospholipase C/P1 nuclease domain",NA,NA,NA,NA,NA
"25","Dm_00001715-RA","OG0000711","CS pos: 25-26. IHG-WG. Pr: 0.5469","GlCo, GlIn","IPR003154, IPR008947","S1/P1 nuclease, Phospholipase C/P1 nuclease domain",3,"AT1G68290.1","Symbols: AtBFN2, ENDO2","endonuclease 2","chr1:25596718-25598264 FORWARD LENGTH=290"
"26","Dm_00001802-RA","OG0004229","CS pos: 23-24. ASA-DG. Pr: 0.7719","GlCo, GlIn","IPR011679, IPR012336, IPR013766, IPR005788, IPR017937","Endoplasmic reticulum resident protein 29, C-terminal, Thioredoxin-like fold, Thioredoxin domain, Disulphide isomerase, Thioredoxin, conserved site",3,"AT2G47470.1","Symbols: UNE5, MEE30, ATPDI11, PDI11, ATPDIL2-1","PROTEIN DISULFIDE ISOMERASE 11, PDI-LIKE 2-1, ARABIDOPSIS THALIANA PROTEIN DISULFIDE ISOMERASE 11, UNFERTILIZED EMBRYO SAC 5, MATERNAL EFFECT EMBRYO ARREST 30","chr2:19481503-19483683 FORWARD LENGTH=361"
"27","Dm_00001804-RA","OG0002557","CS pos: 24-25. ASA-KV. Pr: 0.9301","GlIn","IPR018124, IPR009033, IPR001580, IPR013320, IPR009169","Calreticulin/calnexin, conserved site, Calreticulin/calnexin, P domain, Calreticulin/calnexin, Concanavalin A-like lectin/glucanase domain, Calreticulin",3,"AT1G09210.1","Symbols: CRT2, AtCRT1b, CRT1b","calreticulin 1b, CALRETICULIN 2","chr1:2973217-2976655 REVERSE LENGTH=424"
"28","Dm_00001966-RA","OG0000176","CS pos: 23-24. TFS-SS. Pr: 0.5496","Fl, GlIn","IPR011050, IPR000743, IPR012334, IPR006626","Pectin lyase fold/virulence factor, Glycoside hydrolase, family 28, Pectin lyase fold, Parallel beta-helix repeat",NA,NA,NA,NA,NA
"29","Dm_00001969-RA","OG0008838","CS pos: 38-39. VFA-LD. Pr: 0.6900","GlCo","IPR032675, IPR001611, IPR013210, IPR003591","Leucine-rich repeat domain, L domain-like, Leucine-rich repeat, Leucine-rich repeat-containing N-terminal, plant-type, Leucine-rich repeat, typical subtype",3,"AT1G65380.1","Symbols: CLV2, AtRLP10","Receptor Like Protein 10, clavata 2","chr1:24286943-24289105 FORWARD LENGTH=720"
"30","Dm_00001989-RA","OG0000147","CS pos: 21-22. VEG-YG. Pr: 0.7240","GlCo","IPR007112, IPR009009, IPR007117, IPR007118, IPR002963","Expansin/pollen allergen, DPBB domain, RlpA-like protein, double-psi beta-barrel domain, Expansin, cellulose-binding-like domain, Expansin/Lol pI, Expansin",6,"AT1G69530.2","Symbols: AT-EXP1, ATHEXP ALPHA 1.2, EXP1, ATEXPA1, EXPA1, ATEXP1","EXPANSIN 1, expansin A1","chr1:26142034-26143051 FORWARD LENGTH=250"
"31","Dm_00001999-RA","NA","CS pos: 24-25. CLP-VV. Pr: 0.4628","TrCor, TrIn","IPR001568, IPR018188, IPR033697, IPR033130","Ribonuclease T2-like, Ribonuclease T2, His active site 1, Ribonuclease T2, eukaryotic, Ribonuclease T2, His active site 2",3,"AT2G02990.1","Symbols: ATRNS1, RNS1","RIBONUCLEASE 1, ribonuclease 1","chr2:873714-874667 FORWARD LENGTH=230"
"32","Dm_00002043-RA","OG0000355","CS pos: 21-22. SFA-HD. Pr: 0.9348","GlCo, GlIn","IPR017853, IPR001223, IPR001579","Glycoside hydrolase superfamily, Glycoside hydrolase family 18, catalytic domain, Glycoside hydrolase, chitinase active site",3,"AT5G24090.1","Symbols: LYS1, ATCHIA, CHIA","Lysozyme 1, chitinase A","chr5:8143805-8145153 REVERSE LENGTH=302"
"33","Dm_00002066-RA","OG0009030","CS pos: 26-27. AAA-AA. Pr: 0.3726","GlIn, Ro","IPR018392","LysM domain",4,"AT2G17120.1","Symbols: LYM2, LYP1, CL-1","lysM domain GPI-anchored protein 2 precursor, LysM-containing receptor protein 1, CEBiP-like 1","chr2:7459156-7460648 FORWARD LENGTH=350"
"34","Dm_00002130-RA","OG0002906","CS pos: 29-30. SRS-QM. Pr: 0.5475","Ro, TrIn","IPR035669, IPR013830, IPR001087","GDSL lipase/esterase-like, plant, SGNH hydrolase-type esterase domain, GDSL lipase/esterase",6,"AT5G55050.1","Symbols: no symbol available","no full name available","chr5:22337745-22339741 FORWARD LENGTH=376"
"35","Dm_00002154-RA","OG0004380","CS pos: 21-22. SDS-SY. Pr: 0.5447","GlCo","IPR016093, IPR027005","MIR motif, Glycosyltransferase 39-like",3,"AT2G25110.1","Symbols: AtSDF2, ATSDL, SDF2","ATSDF2-LIKE, Arabidopsis thaliana STROMAL CELL-DERIVED FACTOR 2-like protein precursor, stromal cell-derived factor 2-like protein precursor","chr2:10684428-10685838 FORWARD LENGTH=218"
"36","Dm_00002176-RA","OG0001880","CS pos: 24-25. SES-LR. Pr: 0.9033","GlCo","IPR009038, IPR015720","GOLD domain, TMP21-related",NA,NA,NA,NA,NA
"37","Dm_00002242-RA","OG0005259","CS pos: 18-19. KHC-LD. Pr: 0.2051","Fl, GlIn","IPR001594","Palmitoyltransferase, DHHC domain",NA,NA,NA,NA,NA
"38","Dm_00002366-RA","OG0000170","CS pos: 26-27. TNG-TS. Pr: 0.8568","GlCo, GlIn","IPR021109, IPR034161, IPR032799, IPR032861, IPR001461, IPR033121, IPR001969","Aspartic peptidase domain, Pepsin-like domain, plant, Xylanase inhibitor, C-terminal, Xylanase inhibitor, N-terminal, Aspartic peptidase A1 family, Peptidase family A1 domain, Aspartic peptidase, active site",NA,NA,NA,NA,NA
"39","Dm_00002447-RA","OG0004189","CS pos: 26-27. AIA-GK. Pr: 0.4560","GlCo, GlIn","IPR001623, IPR018253, IPR002939, IPR008971","DnaJ domain, DnaJ domain, conserved site, Chaperone DnaJ, C-terminal, HSP40/DnaJ peptide-binding",10,"AT3G62600.1","Symbols: ERDJ3B, ATERDJ3B",NA,"chr3:23151038-23153346 REVERSE LENGTH=346"
"40","Dm_00002614-RA","OG0000583","CS pos: 24-25. VRS-LP. Pr: 0.8363","GlCo, GlIn","IPR002016, IPR033905, IPR019794, IPR019793, IPR000823, IPR010255","Haem peroxidase, plant/fungal/bacterial, Secretory peroxidase, Peroxidase, active site, Peroxidases heam-ligand binding site, Plant peroxidase, Haem peroxidase",3,"AT1G05260.1","Symbols: PER3, RCI3, RCI3A","RARE COLD INDUCIBLE GENE 3, PEROXIDASE 3","chr1:1529827-1531271 FORWARD LENGTH=326"
"41","Dm_00002686-RA","OG0005210","CS pos: 26-27. LGC-AR. Pr: 0.2856","Fl, GlIn","IPR011050, IPR000070, IPR033131, IPR012334","Pectin lyase fold/virulence factor, Pectinesterase, catalytic, Pectinesterase, Asp active site, Pectin lyase fold",NA,NA,NA,NA,NA
"42","Dm_00002759-RA","OG0000180","CS pos: 24-25. VTA-DD. Pr: 0.9429","GlCo, GlIn, Ro","IPR011706, IPR008972, IPR011707, IPR001117","Multicopper oxidase, type 2, Cupredoxin, Multicopper oxidase, type 3, Multicopper oxidase, type 1",4,"AT5G66920.1","Symbols: sks17","SKU5  similar 17","chr5:26722963-26725370 FORWARD LENGTH=546"
"43","Dm_00002855-RA","OG0002956","CS pos: 30-31. CQS-SS. Pr: 0.4564","GlIn, TrCor","IPR015425","Formin, FH2 domain",4,"AT1G70140.1","Symbols: FORMIN 8, FH8, ATFH8","formin 8, FORMIN HOMOLOGUE 8","chr1:26412688-26415048 REVERSE LENGTH=760"
"44","Dm_00003030-RA","OG0000171","CS pos: 28-29. IEA-NA. Pr: 0.6133","GlIn","IPR001404, IPR003594, IPR019805, IPR020575, IPR020568","Heat shock protein Hsp90 family, Histidine kinase-like ATPase, C-terminal domain, Heat shock protein Hsp90, conserved site, Heat shock protein Hsp90, N-terminal, Ribosomal protein S5 domain 2-type fold",3,"AT4G24190.1","Symbols: SHD, HSP90, HSP90.7, AtHsp90-7, AtHsp90.7","SHEPHERD, HEAT SHOCK PROTEIN 90.7, HEAT SHOCK PROTEIN 90-7","chr4:12551902-12555851 REVERSE LENGTH=823"
"45","Dm_00003132-RA","OG0014267","CS pos: 31-32. IYA-VA. Pr: 0.4589","TrCor","IPR021109, IPR032799, IPR033121, IPR001461, IPR032861","Aspartic peptidase domain, Xylanase inhibitor, C-terminal, Peptidase family A1 domain, Aspartic peptidase A1 family, Xylanase inhibitor, N-terminal",3,"AT1G03220.1","Symbols: SAP2","secreted aspartic protease 2","chr1:787143-788444 FORWARD LENGTH=433"
"46","Dm_00003138-RA","OG0001919","CS pos: 37-38. VLC-DH. Pr: 0.4164","TrCor","NA","NA",NA,NA,NA,NA,NA
"47","Dm_00003204-RA","OG0005034","CS pos: 28-29. TKS-ST. Pr: 0.5166","GlCo, GlIn","IPR001563, IPR029058, IPR018202","Peptidase S10, serine carboxypeptidase, Alpha/Beta hydrolase fold, Serine carboxypeptidase, serine active site",3,"AT1G15000.1","Symbols: scpl50","serine carboxypeptidase-like 50","chr1:5168613-5169947 FORWARD LENGTH=444"
"48","Dm_00003357-RA","OG0000113","CS pos: 21-22. ASA-DD. Pr: 0.6030","GlCo, TrCor","IPR001283, IPR034111, IPR014044","Cysteine-rich  secretory protein, allergen V5/Tpx-1-related, Pathogenesis-related protein 1-like, SCP domain, CAP domain",3,"AT5G66590.1","Symbols: no symbol available","no full name available","chr5:26574255-26574812 FORWARD LENGTH=185"
"49","Dm_00003377-RA","OG0002589","CS pos: 19-20. ATA-CD. Pr: 0.7503","Tr, TrCor","IPR007112, IPR007117, IPR009009","Expansin/pollen allergen, DPBB domain, Expansin, cellulose-binding-like domain, RlpA-like protein, double-psi beta-barrel domain",4,"AT4G38400.1","Symbols: ATEXPL2, ATEXLA2, ATHEXP BETA 2.2, EXPL2, EXLA2","EXPANSIN L2, expansin-like A2","chr4:17978675-17979665 REVERSE LENGTH=265"
"50","Dm_00003547-RA","OG0002018","CS pos: 21-22. AAA-QQ. Pr: 0.8901","GlCo, GlIn","IPR018371, IPR009009, IPR001002, IPR001153","Chitin-binding, type 1, conserved site, RlpA-like protein, double-psi beta-barrel domain, Chitin-binding, type 1, Barwin domain",3,"AT3G04720.1","Symbols: HEL, PR-4, AtPR4, PR4","HEVEIN-LIKE, pathogenesis-related 4","chr3:1285691-1286531 REVERSE LENGTH=212"
"51","Dm_00003642-RA","OG0001707","CS pos: 21-22. VFP-AE. Pr: 0.3844","GlCo, GlIn","IPR001461, IPR034161, IPR033121, IPR021109, IPR032861, IPR032799","Aspartic peptidase A1 family, Pepsin-like domain, plant, Peptidase family A1 domain, Aspartic peptidase domain, Xylanase inhibitor, N-terminal, Xylanase inhibitor, C-terminal",NA,NA,NA,NA,NA
"52","Dm_00003647-RA","NA","CS pos: 27-28. VIA-QP. Pr: 0.7584","GlCo, GlIn","NA","NA",3,"AT5G45960.1","Symbols: no symbol available","no full name available","chr5:18637174-18640319 REVERSE LENGTH=375"
"53","Dm_00003802-RA","OG0000170","CS pos: 26-27. SLS-SS. Pr: 0.2456","Gl, GlIn","IPR001969, IPR033121, IPR001461, IPR021109, IPR034161, IPR032799, IPR032861","Aspartic peptidase, active site, Peptidase family A1 domain, Aspartic peptidase A1 family, Aspartic peptidase domain, Pepsin-like domain, plant, Xylanase inhibitor, C-terminal, Xylanase inhibitor, N-terminal",10,"AT2G03200.1","Symbols: ASPR1","Atypical Aspartic Protease in Roots 1","chr2:966506-967891 REVERSE LENGTH=461"
"54","Dm_00003884-RA","OG0009790","CS pos: 21-22. CMA-NR. Pr: 0.9154","Fl, GlIn, Ro","NA","NA",4,NA,NA,NA,NA
"55","Dm_00003918-RA","OG0000320","CS pos: 24-25. SLA-QN. Pr: 0.9573","GlIn","IPR017214, IPR005018, IPR006593","Cytochrome b561 and DOMON domain-containing protein, DOMON domain, Cytochrome b561/ferric reductase transmembrane",4,"AT5G47530.1","Symbols: no symbol available","no full name available","chr5:19281471-19282870 FORWARD LENGTH=395"
"56","Dm_00003920-RA","OG0000063","CS pos: 24-25. SNG-ST. Pr: 0.8905","Fl, GlIn","IPR012334, IPR011050, IPR000743, IPR006626","Pectin lyase fold, Pectin lyase fold/virulence factor, Glycoside hydrolase, family 28, Parallel beta-helix repeat",NA,NA,NA,NA,NA
"57","Dm_00004034-RA","OG0002801","CS pos: 29-30. AAA-AS. Pr: 0.2513","GlIn","IPR013210, IPR032675, IPR001611, IPR017441, IPR003591, IPR011009, IPR008271, IPR000719","Leucine-rich repeat-containing N-terminal, plant-type, Leucine-rich repeat domain, L domain-like, Leucine-rich repeat, Protein kinase, ATP binding site, Leucine-rich repeat, typical subtype, Protein kinase-like domain, Serine/threonine-protein kinase, active site, Protein kinase domain",4,"AT1G09970.1","Symbols: LRR XI-23, RLK7","receptor-like kinase 7","chr1:3252408-3255428 FORWARD LENGTH=976"
"58","Dm_00004333-RA","OG0000558","CS pos: 23-24. IDG-SD. Pr: 0.4847","GlCo, GlIn","IPR033124, IPR001563, IPR029058, IPR018202","Serine carboxypeptidases, histidine active site, Peptidase S10, serine carboxypeptidase, Alpha/Beta hydrolase fold, Serine carboxypeptidase, serine active site",3,"AT3G63470.1","Symbols: scpl40","serine carboxypeptidase-like 40","chr3:23438561-23440862 FORWARD LENGTH=502"
"59","Dm_00004464-RA","OG0006582","CS pos: 25-26. LRP-SP. Pr: 0.6157","Ro, TrCor","IPR023753, IPR017046, IPR010795","FAD/NAD(P)-binding domain, Prenylcysteine oxidase, Prenylcysteine lyase",3,"AT5G63910.1","Symbols: FCLY","farnesylcysteine lyase","chr5:25572053-25574077 REVERSE LENGTH=500"
"60","Dm_00004486-RA","OG0002192","CS pos: 30-31. LFA-DG. Pr: 0.2068","GlIn","IPR033249","CLAVATA3/ESR (CLE)-related protein, plant",4,NA,NA,NA,NA
"61","Dm_00004658-RA","NA","CS pos: 24-25. VSP-MC. Pr: 0.2451","GlIn","NA","NA",3,NA,NA,NA,NA
"62","Dm_00004730-RA","OG0002279","CS pos: 21-22. ALS-GT. Pr: 0.5417","GlIn","IPR012946, IPR000490, IPR017853","X8 domain, Glycoside hydrolase family 17, Glycoside hydrolase superfamily",NA,NA,NA,NA,NA
"63","Dm_00004915-RA","OG0011373","CS pos: 19-20. TVP-ML. Pr: 0.3107","GlCo, GlIn","IPR002885, IPR011990","Pentatricopeptide repeat, Tetratricopeptide-like helical domain",NA,NA,NA,NA,NA
"64","Dm_00004921-RA","OG0000480","CS pos: 31-32. TEA-IP. Pr: 0.4403","GlIn","IPR021190, IPR001818, IPR024079, IPR033739, IPR006026, IPR002477, IPR021158","Peptidase M10A, Peptidase M10, metallopeptidase, Metallopeptidase, catalytic domain, Peptidase M10A, catalytic domain, Peptidase, metallopeptidase, Peptidoglycan binding-like, Peptidase M10A, cysteine switch, zinc binding site",NA,NA,NA,NA,NA
"65","Dm_00005081-RA","OG0005597","CS pos: 27-28. SFA-AT. Pr: 0.6053","GlIn","IPR000330, IPR014012, IPR014001, IPR027417","SNF2-related, N-terminal domain, Helicase/SANT-associated domain, Helicase superfamily 1/2, ATP-binding domain, P-loop containing nucleoside triphosphate hydrolase",2,"AT2G28290.6","Symbols: CHR3, SYD","SPLAYED, CHROMATIN REMODELING COMPLEX SUBUNIT R 3","chr2:12056771-12072950 FORWARD LENGTH=3544"
"66","Dm_00005111-RA","OG0004259","CS pos: 28-29. SMA-GT. Pr: 0.7850","Gl, GlIn","NA","NA",NA,NA,NA,NA,NA
"67","Dm_00005285-RA","OG0003386","CS pos: 23-24. SSA-GV. Pr: 0.7844","GlCo, GlIn","IPR021102","Peptide-N4-(N-acetyl-beta-glucosaminyl)asparagine amidase A",3,"AT3G14920.1","Symbols: no symbol available","no full name available","chr3:5018275-5020104 FORWARD LENGTH=609"
"68","Dm_00005290-RA","OG0000838","CS pos: 28-29. AQS-LV. Pr: 0.8325","GlIn, TrCor, TrIn","IPR035446, IPR001480","S-locus-specific glycoprotein/EP1, Bulb-type lectin domain",3,"AT1G78860.1","Symbols: GAL2","apple domain lectin-2","chr1:29646168-29647499 REVERSE LENGTH=443"
"69","Dm_00005374-RA","OG0001044","CS pos: 23-24. CQG-FD. Pr: 0.7408","GlCo, GlIn","IPR033697, IPR033130, IPR018188, IPR001568","Ribonuclease T2, eukaryotic, Ribonuclease T2, His active site 2, Ribonuclease T2, His active site 1, Ribonuclease T2-like",3,"AT2G02990.1","Symbols: ATRNS1, RNS1","RIBONUCLEASE 1, ribonuclease 1","chr2:873714-874667 FORWARD LENGTH=230"
"70","Dm_00005399-RA","OG0000111","CS pos: 27-28. ASA-ET. Pr: 0.9057","GlIn, Ro","IPR003245, IPR008972, IPR028871","Phytocyanin domain, Cupredoxin, Blue (type 1) copper protein, binding site",4,"AT2G25060.1","Symbols: ENODL14, AtENODL14","early nodulin-like protein 14","chr2:10662308-10662930 FORWARD LENGTH=182"
"71","Dm_00005469-RA","NA","CS pos: 21-22. LYA-KI. Pr: 0.8321","TrCor","IPR008389","ATPase, V0 complex, subunit e1/e2",4,NA,NA,NA,NA
"72","Dm_00005514-RA","OG0003376","CS pos: 26-27. TTA-AA. Pr: 0.3158","GlIn","IPR021149","Oligosaccharyl transferase complex, subunit OST3/OST6",3,"AT1G61790.2","Symbols: ARTUMES, OST3/6","ATU, oligosaccharyltransferase subunit 3/6","chr1:22814390-22815430 FORWARD LENGTH=346"
"73","Dm_00005564-RA","OG0000084","CS pos: 25-26. IQA-EY. Pr: 0.6008","Gl, Pe, TrCor","IPR025398, IPR006580","Domain of unknown function DUF4371, Zinc finger, TTF-type",NA,NA,NA,NA,NA
"74","Dm_00005671-RA","OG0000926","CS pos: 31-32. AFV-SQ. Pr: 0.2475","GlIn","NA","NA",10,NA,NA,NA,NA
"75","Dm_00005769-RA","OG0002995","CS pos: 27-28. SNA-QN. Pr: 0.8846","GlCo, GlIn","IPR000677, IPR001223, IPR017853, IPR001579","2S globulin, Glycoside hydrolase family 18, catalytic domain, Glycoside hydrolase superfamily, Glycoside hydrolase, chitinase active site",3,NA,NA,NA,NA
"76","Dm_00005849-RA","OG0000002","CS pos: 14-15. GQA-KH. Pr: 0.5562","GlIn","IPR005162","Retrotransposon gag domain",NA,NA,NA,NA,NA
"77","Dm_00005924-RA","OG0002042","CS pos: 24-25. TQS-AP. Pr: 0.6182","GlIn","IPR001563, IPR033124, IPR029058, IPR018202","Peptidase S10, serine carboxypeptidase, Serine carboxypeptidases, histidine active site, Alpha/Beta hydrolase fold, Serine carboxypeptidase, serine active site",3,"AT4G12910.1","Symbols: scpl20","serine carboxypeptidase-like 20","chr4:7550576-7553051 REVERSE LENGTH=497"
"78","Dm_00005962-RA","OG0008201","CS pos: 33-34. SSA-QP. Pr: 0.4721","GlIn","IPR000719, IPR017441, IPR011009, IPR001245, IPR008266","Protein kinase domain, Protein kinase, ATP binding site, Protein kinase-like domain, Serine-threonine/tyrosine-protein kinase, catalytic domain, Tyrosine-protein kinase, active site",NA,NA,NA,NA,NA
"79","Dm_00006131-RA","OG0001707","CS pos: 24-25. GSG-SP. Pr: 0.1093","TrIn","IPR032799, IPR001461, IPR021109, IPR034161, IPR032861, IPR033121","Xylanase inhibitor, C-terminal, Aspartic peptidase A1 family, Aspartic peptidase domain, Pepsin-like domain, plant, Xylanase inhibitor, N-terminal, Peptidase family A1 domain",NA,NA,NA,NA,NA
"80","Dm_00006416-RA","OG0000166","CS pos: 20-21. TSS-SP. Pr: 0.5518","Pe, Ri, Tr, TrCor","IPR032675, IPR013210, IPR025875, IPR001611","Leucine-rich repeat domain, L domain-like, Leucine-rich repeat-containing N-terminal, plant-type, Leucine rich repeat 4, Leucine-rich repeat",NA,NA,NA,NA,NA
"81","Dm_00006474-RA","OG0007329","CS pos: 28-29. SEA-AA. Pr: 0.6509","Fl, GlIn, TrIn","IPR006045, IPR014710, IPR011051","Cupin 1, RmlC-like jelly roll fold, RmlC-like cupin domain",NA,NA,NA,NA,NA
"82","Dm_00006794-RA","OG0005723","CS pos: 19-20. ASA-RP. Pr: 0.9062","GlCo, GlIn","IPR017946, IPR030395","PLC-like phosphodiesterase, TIM beta/alpha-barrel domain, Glycerophosphodiester phosphodiesterase domain",3,"AT5G08030.2","Symbols: AtGDPD6, GDPD6","glycerophosphodiester phosphodiesterase 6","chr5:2575152-2576815 REVERSE LENGTH=387"
"83","Dm_00006823-RA","OG0000977","CS pos: 28-29. VEP-KS. Pr: 0.9209","GlCo, GlIn","IPR002016, IPR000823, IPR019794, IPR019793, IPR033905, IPR010255","Haem peroxidase, plant/fungal/bacterial, Plant peroxidase, Peroxidase, active site, Peroxidases heam-ligand binding site, Secretory peroxidase, Haem peroxidase",3,"AT5G47000.1","Symbols: no symbol available","no full name available","chr5:19069171-19070175 REVERSE LENGTH=334"
"84","Dm_00006828-RA","OG0000480","CS pos: 28-29. VQS-HS. Pr: 0.8279","GlIn, Ro","IPR024079, IPR006026, IPR021158, IPR002477, IPR001818, IPR021190","Metallopeptidase, catalytic domain, Peptidase, metallopeptidase, Peptidase M10A, cysteine switch, zinc binding site, Peptidoglycan binding-like, Peptidase M10, metallopeptidase, Peptidase M10A",NA,NA,NA,NA,NA
"85","Dm_00006833-RA","OG0000480","CS pos: 28-29. AQS-HP. Pr: 0.5644","TrCor","IPR024079, IPR001818, IPR021190, IPR021158, IPR002477, IPR033739, IPR006026","Metallopeptidase, catalytic domain, Peptidase M10, metallopeptidase, Peptidase M10A, Peptidase M10A, cysteine switch, zinc binding site, Peptidoglycan binding-like, Peptidase M10A, catalytic domain, Peptidase, metallopeptidase",NA,NA,NA,NA,NA
"86","Dm_00006930-RA","OG0000430","CS pos: 31-32. VSA-AD. Pr: 0.5466","GlIn, Ro","IPR004843, IPR029052, IPR024927","Calcineurin-like phosphoesterase domain, ApaH type, Metallo-dependent phosphatase-like, Acid phosphatase, type 5",3,"AT1G25230.1","Symbols: no symbol available","no full name available","chr1:8840474-8842298 REVERSE LENGTH=339"
"87","Dm_00006956-RA","OG0002248","CS pos: 23-24. SAA-GS. Pr: 0.2458","GlCo, GlIn","IPR001611, IPR000719, IPR008271, IPR003591, IPR032675, IPR011009, IPR013210","Leucine-rich repeat, Protein kinase domain, Serine/threonine-protein kinase, active site, Leucine-rich repeat, typical subtype, Leucine-rich repeat domain, L domain-like, Protein kinase-like domain, Leucine-rich repeat-containing N-terminal, plant-type",NA,NA,NA,NA,NA
"88","Dm_00007095-RA","OG0004255","CS pos: 27-28. ALG-LS. Pr: 0.3255","GlIn","IPR001611, IPR000719, IPR032675, IPR001245, IPR003591, IPR011009","Leucine-rich repeat, Protein kinase domain, Leucine-rich repeat domain, L domain-like, Serine-threonine/tyrosine-protein kinase, catalytic domain, Leucine-rich repeat, typical subtype, Protein kinase-like domain",4,"AT2G16250.1","Symbols: no symbol available","no full name available","chr2:7039682-7042933 REVERSE LENGTH=915"
"89","Dm_00007270-RA","OG0001022","CS pos: 21-22. AWS-LE. Pr: 0.4335","Fl, GlIn, Ro","IPR015425","Formin, FH2 domain",NA,NA,NA,NA,NA
"90","Dm_00007431-RA","OG0000164","CS pos: 32-33. ASA-TT. Pr: 0.5575","TrCor","IPR001938, IPR017949","Thaumatin, Thaumatin, conserved site",4,"AT4G38660.1","Symbols: no symbol available","no full name available","chr4:18066448-18067984 REVERSE LENGTH=345"
"91","Dm_00007454-RA","OG0000342","CS pos: 24-25. LHA-HI. Pr: 0.7991","Fl, TrIn","IPR002022, IPR018082, IPR012334, IPR007524, IPR011050","Pectate lyase, AmbAllergen, Pectin lyase fold, Pectate lyase, N-terminal, Pectin lyase fold/virulence factor",3,"AT1G14420.1","Symbols: AT59",NA,"chr1:4931844-4933405 REVERSE LENGTH=459"
"92","Dm_00007775-RA","OG0006813","CS pos: 29-30. SSS-LK. Pr: 0.5644","Pe, Ri, TrIn","IPR001611, IPR013210, IPR017441, IPR032675, IPR000719, IPR008271, IPR011009","Leucine-rich repeat, Leucine-rich repeat-containing N-terminal, plant-type, Protein kinase, ATP binding site, Leucine-rich repeat domain, L domain-like, Protein kinase domain, Serine/threonine-protein kinase, active site, Protein kinase-like domain",3,"AT1G72180.1","Symbols: CEPR2","C-terminally encoded peptide receptor 2","chr1:27164074-27167204 FORWARD LENGTH=977"
"93","Dm_00007779-RA","OG0000330","CS pos: 18-19. AVG-LI. Pr: 0.3050","GlCo, GlIn","IPR016169, IPR016164, IPR006094, IPR006093, IPR015345, IPR016170, IPR016166, IPR016167","CO dehydrogenase flavoprotein-like, FAD-binding, subdomain 2, FAD-linked oxidase-like, C-terminal, FAD linked oxidase, N-terminal, Oxygen oxidoreductase covalent FAD-binding site, Cytokinin dehydrogenase 1, FAD/cytokinin binding domain, Vanillyl-alcohol oxidase/Cytokinin dehydrogenase C-terminal domain, FAD-binding, type 2, FAD-binding, type 2, subdomain 1",4,"AT1G75450.1","Symbols: ATCKX6, ATCKX5, CKX5","ARABIDOPSIS THALIANA CYTOKININ OXIDASE 5, CYTOKININ OXIDASE 6, cytokinin oxidase 5","chr1:28315248-28318064 REVERSE LENGTH=540"
"94","Dm_00007836-RA","OG0000355","CS pos: 27-28. LNA-GS. Pr: 0.8584","GlCo, GlIn","IPR001579, IPR001223, IPR017853","Glycoside hydrolase, chitinase active site, Glycoside hydrolase family 18, catalytic domain, Glycoside hydrolase superfamily",NA,NA,NA,NA,NA
"95","Dm_00007880-RA","OG0007780","CS pos: 29-30. SSS-QS. Pr: 0.4660","GlCo, GlIn","IPR025705, IPR029019, IPR015883, IPR029018, IPR017853","Beta-hexosaminidase, Beta-hexosaminidase, eukaryotic type, N-terminal, Glycoside hydrolase family 20, catalytic domain, Chitobiase/beta-hexosaminidase domain 2-like, Glycoside hydrolase superfamily",3,"AT1G05590.3","Symbols: HEXO2, ATHEX3","beta-hexosaminidase 2, BETA-HEXOSAMINIDASE 3","chr1:1669871-1671686 FORWARD LENGTH=580"
"96","Dm_00007933-RA","OG0005959","CS pos: 26-27. VLS-ID. Pr: 0.5835","GlCo, GlIn","IPR013126, IPR029048","Heat shock protein 70 family, Heat shock protein 70kD, C-terminal domain",3,"AT4G16660.1","Symbols: HSP70","heat shock protein 70","chr4:9377225-9381232 FORWARD LENGTH=867"
"97","Dm_00007984-RA","OG0002307","CS pos: 23-24. SSA-EV. Pr: 0.4511","GlCo","IPR000620","EamA domain",NA,NA,NA,NA,NA
"98","Dm_00008100-RA","OG0001476","CS pos: 24-25. SLS-QN. Pr: 0.9443","Gl, GlIn","NA","NA",2,NA,NA,NA,NA
"99","Dm_00008243-RA","OG0003334","CS pos: 29-30. TTG-LM. Pr: 0.2907","Fl, GlCo, GlIn","IPR000528, IPR016140","Plant lipid transfer protein/Par allergen, Bifunctional inhibitor/plant lipid transfer protein/seed storage helical domain",10,NA,NA,NA,NA
"100","Dm_00008396-RA","OG0000224","CS pos: 26-27. CAG-DC. Pr: 0.5390","GlCo","IPR004698, IPR003689","Zinc/iron permease, fungal/plant, Zinc/iron permease",4,"AT3G12750.1","Symbols: ZIP1, AtZIP1","zinc transporter 1 precursor","chr3:4051950-4053156 REVERSE LENGTH=355"
"101","Dm_00008441-RA","OG0000196","CS pos: 24-25. AEG-LY. Pr: 0.4097","TrCor","IPR004963","Pectinacetylesterase/NOTUM",3,"AT4G19420.2","Symbols: PAE8","pectin acetylesterase 8","chr4:10587504-10589807 REVERSE LENGTH=397"
"102","Dm_00008471-RA","OG0004705","CS pos: 39-40. ATS-DP. Pr: 0.2685","GlIn","IPR032675, IPR001611","Leucine-rich repeat domain, L domain-like, Leucine-rich repeat",3,"AT3G49750.1","Symbols: RLP44, AtRLP44","receptor like protein 44","chr3:18450604-18451428 REVERSE LENGTH=274"
"103","Dm_00008636-RA","OG0000542","CS pos: 25-26. VSA-TE. Pr: 0.9295","TrIn","IPR032675, IPR001611, IPR013210","Leucine-rich repeat domain, L domain-like, Leucine-rich repeat, Leucine-rich repeat-containing N-terminal, plant-type",3,"AT5G06860.1","Symbols: PGIP1, ATPGIP1","polygalacturonase inhibiting protein 1, POLYGALACTURONASE INHIBITING PROTEIN 1","chr5:2132373-2133434 FORWARD LENGTH=330"
"104","Dm_00008935-RA","OG0004470","CS pos: 24-25. VEC-EQ. Pr: 0.7295","GlIn","IPR002013, IPR001202","SAC domain, WW domain",2,"AT3G59770.2","Symbols: AtSAC9, MUR11, SAC9","ARABIDOPSIS THALIANA SUPPRESSOR OF ACTIN 9, SUPPRESSOR OF ACTIN 9, MURUS 11","chr3:22079281-22084785 REVERSE LENGTH=1405"
"105","Dm_00008998-RA","OG0000611","CS pos: 33-34. ATA-AG. Pr: 0.6715","GlIn","IPR000010, IPR027214","Cystatin domain, Cystatin",3,"AT5G47550.1","Symbols: CYS5","Cysteine proteinase inhibitor 5","chr5:19286596-19286964 REVERSE LENGTH=122"
"106","Dm_00009021-RA","OG0000066","CS pos: 41-42. SSA-ST. Pr: 0.7263","GlIn","IPR006094, IPR016167, IPR016169, IPR016166, IPR012951","FAD linked oxidase, N-terminal, FAD-binding, type 2, subdomain 1, CO dehydrogenase flavoprotein-like, FAD-binding, subdomain 2, FAD-binding, type 2, Berberine/berberine-like",4,"AT4G20840.1","Symbols: AtBBE21, OGOX2","oligogalacturonide oxidase 2","chr4:11157916-11159535 FORWARD LENGTH=539"
"107","Dm_00009025-RA","OG0006442","CS pos: 29-30. SIS-FR. Pr: 0.5509","Gl, GlIn","IPR029615","ER membrane protein complex subunit 10",2,"AT1G65270.3","Symbols: no symbol available","no full name available","chr1:24241855-24244504 FORWARD LENGTH=292"
"108","Dm_00009192-RA","OG0000611","CS pos: 26-27. TSA-AA. Pr: 0.5279","TrIn","IPR000010, IPR018073, IPR027214","Cystatin domain, Proteinase inhibitor I25, cystatin, conserved site, Cystatin",3,NA,NA,NA,NA
"109","Dm_00009283-RA","NA","CS pos: 29-30. ISA-AG. Pr: 0.5909","GlIn","IPR006597","Sel1-like repeat",NA,NA,NA,NA,NA
"110","Dm_00009329-RA","OG0006231","CS pos: 26-27. LQS-IE. Pr: 0.2891","GlIn","NA","NA",3,"AT3G53490.1","Symbols: no symbol available","no full name available","chr3:19832666-19834024 FORWARD LENGTH=225"
"111","Dm_00009436-RA","OG0011160","CS pos: 29-30. VNA-QL. Pr: 0.8594","GlIn","IPR002016, IPR019794, IPR010255, IPR000823","Haem peroxidase, plant/fungal/bacterial, Peroxidase, active site, Haem peroxidase, Plant peroxidase",NA,NA,NA,NA,NA
"112","Dm_00009547-RA","OG0000313","CS pos: 20-21. ARS-QV. Pr: 0.7649","GlCo, GlIn, TrCor","IPR006969","Stigma-specific protein Stig1",3,NA,NA,NA,NA
"113","Dm_00009785-RA","OG0000066","CS pos: 22-23. SLA-SS. Pr: 0.6380","GlIn, Ro","IPR016166, IPR012951, IPR016169, IPR016167, IPR006094","FAD-binding, type 2, Berberine/berberine-like, CO dehydrogenase flavoprotein-like, FAD-binding, subdomain 2, FAD-binding, type 2, subdomain 1, FAD linked oxidase, N-terminal",3,"AT1G30700.1","Symbols: AtBBE8",NA,"chr1:10892623-10894437 FORWARD LENGTH=527"
"114","Dm_00010147-RA","OG0001122","CS pos: 22-23. GSA-TF. Pr: 0.6194","GlCo, GlIn","NA","NA",4,"AT2G20700.1","Symbols: LLG2","LORELEI-LIKE-GPI ANCHORED PROTEIN 2","chr2:8925003-8925714 REVERSE LENGTH=163"
"115","Dm_00010272-RA","OG0000065","CS pos: 22-23. GFA-EC. Pr: 0.3750","Gl, GlIn","IPR025661, IPR013128, IPR000668, IPR013201, IPR025660, IPR000169","Cysteine peptidase, asparagine active site, Peptidase C1A, Peptidase C1A, papain C-terminal, Cathepsin propeptide inhibitor domain (I29), Cysteine peptidase, histidine active site, Cysteine peptidase, cysteine active site",NA,NA,NA,NA,NA
"116","Dm_00010364-RA","OG0000542","CS pos: 24-25. TDS-SS. Pr: 0.4001","GlIn, TrIn","IPR013210, IPR032675","Leucine-rich repeat-containing N-terminal, plant-type, Leucine-rich repeat domain, L domain-like",3,"AT5G06860.1","Symbols: PGIP1, ATPGIP1","polygalacturonase inhibiting protein 1, POLYGALACTURONASE INHIBITING PROTEIN 1","chr5:2132373-2133434 FORWARD LENGTH=330"
"117","Dm_00010599-RA","OG0000367","CS pos: 29-30. VQA-SP. Pr: 0.9663","GlCo, GlIn, TrCor","IPR009646","Root cap",3,"AT5G54370.1","Symbols: no symbol available","no full name available","chr5:22075334-22076567 FORWARD LENGTH=337"
"118","Dm_00010640-RA","OG0000007","CS pos: 23-24. ILG-DS. Pr: 0.5451","GlIn","IPR012337, IPR003656, IPR013087","Ribonuclease H-like domain, Zinc finger, BED-type, Zinc finger C2H2-type",NA,NA,NA,NA,NA
"119","Dm_00010885-RA","OG0000412","CS pos: 27-28. ASS-SP. Pr: 0.6225","Fl, GlIn","IPR014756, IPR011043, IPR015202, IPR013783, IPR015916, IPR009880","Immunoglobulin E-set, Galactose oxidase/kelch, beta-propeller, Galactose oxidase-like, Early set domain, Immunoglobulin-like fold, Galactose oxidase, beta-propeller, Glyoxal oxidase, N-terminal",NA,NA,NA,NA,NA
"120","Dm_00011103-RA","OG0000147","CS pos: 23-24. VSG-NG. Pr: 0.6973","Gl, GlIn","IPR009009, IPR007117, IPR007112, IPR007118, IPR002963","RlpA-like protein, double-psi beta-barrel domain, Expansin, cellulose-binding-like domain, Expansin/pollen allergen, DPBB domain, Expansin/Lol pI, Expansin",NA,NA,NA,NA,NA
"121","Dm_00011279-RA","OG0001344","CS pos: 24-25. SEA-RR. Pr: 0.9026","Fl, GlCo, GlIn","IPR003245, IPR008972","Phytocyanin domain, Cupredoxin",3,"AT5G53870.2","Symbols: ENODL1, AtENODL1","early nodulin-like protein 1","chr5:21870033-21871228 REVERSE LENGTH=362"
"122","Dm_00011409-RA","OG0012083","CS pos: 28-29. VFA-SP. Pr: 0.5353","Gl, GlIn","IPR002644","Photosystem II PsbZ, reaction centre",168,NA,NA,NA,NA
"123","Dm_00011665-RA","OG0004248","CS pos: 21-22. CGI-DP. Pr: 0.3417","GlCo, GlIn","IPR011042, IPR018119, IPR004141","Six-bladed beta-propeller, TolB-like, Strictosidine synthase, conserved region, Strictosidine synthase",3,"AT5G22020.3","Symbols: no symbol available","no full name available","chr5:7287878-7289357 REVERSE LENGTH=395"
"124","Dm_00011782-RA","OG0008640","CS pos: 30-31. VEG-DN. Pr: 0.8746","GlCo, GlIn","IPR032675, IPR001611, IPR013210, IPR003591, IPR017441, IPR008271, IPR000719, IPR011009","Leucine-rich repeat domain, L domain-like, Leucine-rich repeat, Leucine-rich repeat-containing N-terminal, plant-type, Leucine-rich repeat, typical subtype, Protein kinase, ATP binding site, Serine/threonine-protein kinase, active site, Protein kinase domain, Protein kinase-like domain",3,"AT1G74360.1","Symbols: NILR1, GRACE","NEMATODE-INDUCED LRR-RLK 1, Germination Repression and Cell Expansion receptor-like kinase","chr1:27954299-27957911 FORWARD LENGTH=1106"
"125","Dm_00012017-RA","OG0000542","CS pos: 29-30. SLC-GA. Pr: 0.3977","GlIn","IPR001611, IPR032675, IPR013210","Leucine-rich repeat, Leucine-rich repeat domain, L domain-like, Leucine-rich repeat-containing N-terminal, plant-type",3,"AT5G06860.1","Symbols: PGIP1, ATPGIP1","polygalacturonase inhibiting protein 1, POLYGALACTURONASE INHIBITING PROTEIN 1","chr5:2132373-2133434 FORWARD LENGTH=330"
"126","Dm_00012115-RA","OG0000229","CS pos: 16-17. CSA-AQ. Pr: 0.7883","GlCo, GlIn","IPR017439, IPR011650, IPR002933","Amidohydrolase, Peptidase M20, dimerisation domain, Peptidase M20",NA,NA,NA,NA,NA
"127","Dm_00012206-RA","OG0001079","CS pos: 23-24. AAA-RK. Pr: 0.8295","GlCo","IPR011050, IPR002022, IPR012334","Pectin lyase fold/virulence factor, Pectate lyase, Pectin lyase fold",NA,NA,NA,NA,NA
"128","Dm_00012444-RA","OG0000053","CS pos: 26-27. VLA-TR. Pr: 0.7489","Ro, TrCor","IPR010264","Plant self-incompatibility S1",NA,NA,NA,NA,NA
"129","Dm_00012817-RA","OG0001538","CS pos: 27-28. SRA-VW. Pr: 0.5635","GlCo, GlIn","IPR009038, IPR015720","GOLD domain, TMP21-related",3,"AT1G09580.1","Symbols: no symbol available","no full name available","chr1:3104657-3106092 FORWARD LENGTH=217"
"130","Dm_00012834-RA","OG0000109","CS pos: 24-25. TNA-TP. Pr: 0.7377","GlCo, GlIn","IPR002022, IPR018082, IPR011050, IPR012334","Pectate lyase, AmbAllergen, Pectin lyase fold/virulence factor, Pectin lyase fold",3,"AT5G04310.3","Symbols: PLL12","PECTATE LYASE LIKE12","chr5:1205130-1207352 REVERSE LENGTH=475"
"131","Dm_00012980-RA","OG0000058","CS pos: 26-27. TNS-AP. Pr: 0.1748","Gl, GlIn","IPR001878","Zinc finger, CCHC-type",NA,NA,NA,NA,NA
"132","Dm_00013008-RA","OG0013252","CS pos: 22-23. SYS-AA. Pr: 0.2880","GlCo, GlIn","IPR029058, IPR001563, IPR033124, IPR018202","Alpha/Beta hydrolase fold, Peptidase S10, serine carboxypeptidase, Serine carboxypeptidases, histidine active site, Serine carboxypeptidase, serine active site",3,"AT3G10410.1","Symbols: CPY, SCPL49","CARBOXYPEPTIDASE Y, SERINE CARBOXYPEPTIDASE-LIKE 49","chr3:3235518-3238063 REVERSE LENGTH=516"
"133","Dm_00013346-RA","OG0001177","CS pos: 24-25. CHG-SG. Pr: 0.7726","Fl, GlIn","IPR016140","Bifunctional inhibitor/plant lipid transfer protein/seed storage helical domain",NA,NA,NA,NA,NA
"134","Dm_00013373-RA","OG0000876","CS pos: 37-38. TLA-EQ. Pr: 0.9361","GlCo, GlIn","IPR000726, IPR001002, IPR016283, IPR018371, IPR023346","Glycoside hydrolase, family 19, catalytic, Chitin-binding, type 1, Glycoside hydrolase, family 19, Chitin-binding, type 1, conserved site, Lysozyme-like domain",3,"AT3G12500.1","Symbols: HCHIB, PR-3, B-CHI, ATHCHIB, PR3, CHI-B","PATHOGENESIS-RELATED 3, basic chitinase","chr3:3962501-3963984 REVERSE LENGTH=335"
"135","Dm_00013420-RA","OG0000007","CS pos: 24-25. TDS-TK. Pr: 0.5608","Gl, GlIn","IPR012337, IPR003656, IPR013087","Ribonuclease H-like domain, Zinc finger, BED-type, Zinc finger C2H2-type",10,"AT3G42170.1","Symbols: DAYSLEEPER","DAYSLEEPER","chr3:14321838-14323928 FORWARD LENGTH=696"
"136","Dm_00013430-RA","OG0000313","CS pos: 24-25. CIA-YE. Pr: 0.6030","GlIn, TrIn","IPR006969","Stigma-specific protein Stig1",3,"AT1G11925.1","Symbols: no symbol available","no full name available","chr1:4026195-4026617 REVERSE LENGTH=140"
"137","Dm_00013431-RA","OG0009000","CS pos: 32-33. ATA-AE. Pr: 0.5722","GlCo, GlIn","IPR000719, IPR013320, IPR001220, IPR008271, IPR011009, IPR001245, IPR017441","Protein kinase domain, Concanavalin A-like lectin/glucanase domain, Legume lectin domain, Serine/threonine-protein kinase, active site, Protein kinase-like domain, Serine-threonine/tyrosine-protein kinase, catalytic domain, Protein kinase, ATP binding site",NA,NA,NA,NA,NA
"138","Dm_00013479-RA","OG0001303","CS pos: 23-24. ARS-EE. Pr: 0.6115","GlCo, GlIn","IPR001024","PLAT/LH2 domain",3,"AT2G22170.1","Symbols: PLAT2","PLAT domain protein 2","chr2:9427010-9427742 REVERSE LENGTH=183"
"139","Dm_00013770-RA","OG0000197","CS pos: 28-29. ANA-KG. Pr: 0.8677","GlIn, Ro","IPR002016, IPR019794, IPR000823, IPR010255, IPR033905, IPR019793","Haem peroxidase, plant/fungal/bacterial, Peroxidase, active site, Plant peroxidase, Haem peroxidase, Secretory peroxidase, Peroxidases heam-ligand binding site",3,"AT5G15180.1","Symbols: PRX56","peroxidase 56","chr5:4930561-4932211 FORWARD LENGTH=329"
"140","Dm_00013914-RA","OG0001115","CS pos: 24-25. SHC-GW. Pr: 0.8104","GlIn","IPR003582, IPR005123, IPR006620","ShKT domain, Oxoglutarate/iron-dependent dioxygenase, Prolyl 4-hydroxylase, alpha subunit",3,"AT3G28480.1","Symbols: no symbol available","no full name available","chr3:10676266-10678262 REVERSE LENGTH=316"
"141","Dm_00013957-RA","OG0003889","CS pos: 26-27. VSA-RP. Pr: 0.8527","Tr, TrCor","IPR008263, IPR010713, IPR013320, IPR016455, IPR008264, IPR000757","Glycoside hydrolase, family 16, active site, Xyloglucan endo-transglycosylase, C-terminal, Concanavalin A-like lectin/glucanase domain, Xyloglucan endotransglucosylase/hydrolase, Beta-glucanase, Glycoside hydrolase family 16",9,"AT5G65730.1","Symbols: XTH6","xyloglucan endotransglucosylase/hydrolase 6","chr5:26299080-26300290 FORWARD LENGTH=292"
"142","Dm_00014056-RA","OG0000550","CS pos: 25-26. VST-EN. Pr: 0.5435","GlIn","IPR001938","Thaumatin",3,"AT4G11650.1","Symbols: OSM34, ATOSM34, OSM 34","Osmotin 34, osmotin 34","chr4:7025127-7026113 REVERSE LENGTH=244"
"143","Dm_00014131-RA","OG0000100","CS pos: 31-32. VSA-QD. Pr: 0.7926","Fl, GlIn","IPR035669, IPR001087","GDSL lipase/esterase-like, plant, GDSL lipase/esterase",3,"AT1G71691.2","Symbols: no symbol available","no full name available","chr1:26949395-26951480 REVERSE LENGTH=384"
"144","Dm_00014360-RA","OG0001240","CS pos: 24-25. NIA-NP. Pr: 0.3132","GlCo","IPR001377, IPR014401, IPR018282","Ribosomal protein S6e, Ribosomal protein S6, eukaryotic, Ribosomal protein S6e, conserved site",3,"AT4G31700.1","Symbols: RPS6, RPS6A, AtRPS6","ribosomal protein S6","chr4:15346306-15347714 REVERSE LENGTH=250"
"145","Dm_00014467-RA","NA","CS pos: 30-31. ALA-FC. Pr: 0.4964","Ro, TrCor","IPR004813","Oligopeptide transporter, OPT superfamily",NA,NA,NA,NA,NA
"146","Dm_00014597-RA","OG0000317","CS pos: 27-28. SDA-AT. Pr: 0.4811","GlIn","IPR002772, IPR001764, IPR017853","Glycoside hydrolase family 3 C-terminal domain, Glycoside hydrolase, family 3, N-terminal, Glycoside hydrolase superfamily",3,NA,NA,NA,NA
"147","Dm_00015139-RA","OG0001613","CS pos: 27-28. TST-TG. Pr: 0.3206","Fl, GlCo","IPR029044, IPR002495","Nucleotide-diphospho-sugar transferases, Glycosyl transferase, family 8",NA,NA,NA,NA,NA
"148","Dm_00015203-RA","OG0000164","CS pos: 30-31. VNS-AT. Pr: 0.6325","GlCo, GlIn, TrCor","IPR001938","Thaumatin",3,"AT4G36010.2","Symbols: no symbol available","no full name available","chr4:17039472-17040976 REVERSE LENGTH=301"
"149","Dm_00015502-RA","OG0003334","CS pos: 27-28. SNT-TS. Pr: 0.3855","Fl, GlIn","IPR016140, IPR000528","Bifunctional inhibitor/plant lipid transfer protein/seed storage helical domain, Plant lipid transfer protein/Par allergen",NA,NA,NA,NA,NA
"150","Dm_00015608-RA","OG0003080","CS pos: 28-29. IRS-SS. Pr: 0.3502","GlCo, GlIn","IPR000172, IPR012132, IPR023753, IPR007867","Glucose-methanol-choline oxidoreductase, N-terminal, Glucose-methanol-choline oxidoreductase, FAD/NAD(P)-binding domain, Glucose-methanol-choline oxidoreductase, C-terminal",NA,NA,NA,NA,NA
"151","Dm_00015703-RA","OG0003385","CS pos: 40-41. AYA-AD. Pr: 0.8701","Fl, GlIn","IPR010720, IPR017853, IPR008979","Alpha-L-arabinofuranosidase, C-terminal, Glycoside hydrolase superfamily, Galactose-binding domain-like",NA,NA,NA,NA,NA
"152","Dm_00015818-RA","OG0000053","CS pos: 23-24. LVT-HE. Pr: 0.3210","GlCo, TrCor","IPR010264","Plant self-incompatibility S1",NA,NA,NA,NA,NA
"153","Dm_00015941-RA","OG0000095","CS pos: 24-25. GRG-NK. Pr: 0.3114","GlCo, GlIn","IPR001128, IPR017972, IPR002401","Cytochrome P450, Cytochrome P450, conserved site, Cytochrome P450, E-class, group I",3,"AT4G31940.1","Symbols: CYP82C4","""cytochrome P450, family 82, subfamily C, polypeptide 4""","chr4:15452040-15453966 FORWARD LENGTH=524"
"154","Dm_00015956-RA","OG0000325","CS pos: 27-28. SMA-AR. Pr: 0.8541","TrIn","IPR006766","Phosphate-induced protein 1",4,"AT4G08950.1","Symbols: EXO","EXORDIUM","chr4:5740378-5741322 FORWARD LENGTH=314"
"155","Dm_00016034-RA","OG0001344","CS pos: 22-23. AAA-VH. Pr: 0.2279","GlIn, TrIn","IPR003245, IPR008972","Phytocyanin domain, Cupredoxin",3,"AT5G53870.1","Symbols: ENODL1, AtENODL1","early nodulin-like protein 1","chr5:21870033-21871228 REVERSE LENGTH=370"
"156","Dm_00016097-RA","OG0000369","CS pos: 24-25. CFA-QE. Pr: 0.8925","GlCo, GlIn","IPR014710, IPR006045, IPR011051, IPR006044","RmlC-like jelly roll fold, Cupin 1, RmlC-like cupin domain, 11-S seed storage protein, plant",3,"AT5G44120.3","Symbols: CRU1, ATCRA1, CRA1","CRUCIFERINA","chr5:17756460-17758246 REVERSE LENGTH=472"
"157","Dm_00016157-RA","OG0000007","CS pos: 19-20. VEP-EV. Pr: 0.4712","GlIn","IPR003656, IPR012337, IPR013087, IPR008906","Zinc finger, BED-type, Ribonuclease H-like domain, Zinc finger C2H2-type, HAT, C-terminal dimerisation domain",NA,NA,NA,NA,NA
"158","Dm_00016399-RA","OG0000089","CS pos: 27-28. SNG-CP. Pr: 0.7811","TrIn","IPR027923, IPR016140","Hydrophobic seed protein, Bifunctional inhibitor/plant lipid transfer protein/seed storage helical domain",6,"AT2G45180.1","Symbols: DRN1","Disease Related Nonspeci&#64257;c Lipid Transfer Protein 1","chr2:18626377-18626781 FORWARD LENGTH=134"
"159","Dm_00016470-RA","OG0000183","CS pos: 22-23. AAA-XD. Pr: 0.5927","TrIn","IPR006501","Pectinesterase inhibitor domain",9,"AT5G62350.1","Symbols: no symbol available","no full name available","chr5:25037504-25038112 FORWARD LENGTH=202"
"160","Dm_00016579-RA","OG0011160","CS pos: 29-30. VNA-QL. Pr: 0.8739","Gl, GlCo, GlIn","IPR019794, IPR002016, IPR000823, IPR010255","Peroxidase, active site, Haem peroxidase, plant/fungal/bacterial, Plant peroxidase, Haem peroxidase",4,"AT5G05340.1","Symbols: PRX52","peroxidase 52","chr5:1579142-1580819 REVERSE LENGTH=324"
"161","Dm_00016830-RA","OG0001733","CS pos: 34-35. ATA-CP. Pr: 0.4393","GlIn, Ro","IPR003465","Proteinase inhibitor I20",3,NA,NA,NA,NA
"162","Dm_00016848-RA","OG0008142","CS pos: 34-35. CSS-LS. Pr: 0.2529","Fl, GlCo","IPR033905, IPR002016, IPR019794, IPR010255, IPR000823, IPR019793","Secretory peroxidase, Haem peroxidase, plant/fungal/bacterial, Peroxidase, active site, Haem peroxidase, Plant peroxidase, Peroxidases heam-ligand binding site",NA,NA,NA,NA,NA
"163","Dm_00017103-RA","OG0000316","CS pos: 18-19. VAS-RD. Pr: 0.2560","GlCo, TrCor","IPR003614, IPR008176","Knottin, scorpion toxin-like, Defensin, plant",NA,NA,NA,NA,NA
"164","Dm_00017284-RA","OG0000212","CS pos: 29-30. VNA-QL. Pr: 0.7310","Gl, GlCo","IPR033905, IPR002016, IPR010255, IPR019794, IPR000823, IPR019793","Secretory peroxidase, Haem peroxidase, plant/fungal/bacterial, Haem peroxidase, Peroxidase, active site, Plant peroxidase, Peroxidases heam-ligand binding site",4,"AT5G05340.1","Symbols: PRX52","peroxidase 52","chr5:1579142-1580819 REVERSE LENGTH=324"
"165","Dm_00017323-RA","OG0000065","CS pos: 30-31. VSS-SR. Pr: 0.3194","GlCo, GlIn","IPR013201, IPR000668, IPR013128, IPR025660, IPR025661, IPR000169","Cathepsin propeptide inhibitor domain (I29), Peptidase C1A, papain C-terminal, Peptidase C1A, Cysteine peptidase, histidine active site, Cysteine peptidase, asparagine active site, Cysteine peptidase, cysteine active site",3,"AT5G45890.1","Symbols: SAG12, AtSAG12","senescence-associated gene 12","chr5:18613300-18614759 FORWARD LENGTH=346"
"166","Dm_00017329-RA","OG0000728","CS pos: 20-21. VEA-LK. Pr: 0.4946","GlCo, GlIn, Ro","IPR022251","Protein of unknown function wound-induced",7,"AT4G10265.1","Symbols: WIP3","Wound-induced polypeptide 3","chr4:6373226-6373477 REVERSE LENGTH=83"
"167","Dm_00017331-RA","OG0000224","CS pos: 31-32. AEA-KS. Pr: 0.4023","Ri, TrCor","IPR004698, IPR003689","Zinc/iron permease, fungal/plant, Zinc/iron permease",4,"AT2G04032.1","Symbols: ZIP7","zinc transporter 7 precursor","chr2:1289944-1291251 FORWARD LENGTH=365"
"168","Dm_00017412-RA","OG0000022","CS pos: 32-33. ASA-QS. Pr: 0.5498","TrIn","IPR023828, IPR010259, IPR000209, IPR034197, IPR015500, IPR003137","Peptidase S8, subtilisin, Ser-active site, Peptidase S8 propeptide/proteinase inhibitor I9, Peptidase S8/S53 domain, Cucumisin-like catalytic domain, Peptidase S8, subtilisin-related, PA domain",3,"AT3G14067.1","Symbols: SASP","Senescence-Associated Subtilisin Protease","chr3:4658421-4660754 REVERSE LENGTH=777"
"169","Dm_00017456-RA","OG0000792","CS pos: 27-28. CFA-DD. Pr: 0.5092","Fl, TrCor","IPR011706, IPR001117, IPR011707, IPR008972","Multicopper oxidase, type 2, Multicopper oxidase, type 1, Multicopper oxidase, type 3, Cupredoxin",NA,NA,NA,NA,NA
"170","Dm_00017485-RA","OG0000158","CS pos: 31-32. VVA-DQ. Pr: 0.8441","Ri, TrCor","IPR029962, IPR025846, IPR026057","Trichome birefringence-like family, PMR5 N-terminal domain, PC-Esterase",4,"AT3G14850.2","Symbols: TBL41","TRICHOME BIREFRINGENCE-LIKE 41","chr3:4995615-4997611 FORWARD LENGTH=356"
"171","Dm_00017610-RA","OG0000124","CS pos: 24-25. YLA-DD. Pr: 0.6630","Gl, GlIn","IPR013094, IPR029058","Alpha/beta hydrolase fold-3, Alpha/Beta hydrolase fold",NA,NA,NA,NA,NA
"172","Dm_00017722-RA","OG0013552","CS pos: 37-38. VQG-SR. Pr: 0.3452","Fl, GlIn","IPR029962, IPR025846","Trichome birefringence-like family, PMR5 N-terminal domain",4,"AT2G30900.2","Symbols: TBL43","TRICHOME BIREFRINGENCE-LIKE 43","chr2:13150481-13152157 FORWARD LENGTH=274"
"173","Dm_00017750-RA","OG0002134","CS pos: 25-26. ASG-FV. Pr: 0.8242","Tr, TrCor, TrIn","IPR006946, IPR008979","Domain of unknown function DUF642, Galactose-binding domain-like",10,"AT5G25460.1","Symbols: DGR2","DUF642  L-GalL responsive gene 2","chr5:8863430-8865394 FORWARD LENGTH=369"
"174","Dm_00017797-RA","OG0000618","CS pos: 20-21. PSA-ND. Pr: 0.1634","GlIn","IPR027534","Ribosomal protein L12 family",3,"AT2G27710.4","Symbols: no symbol available","no full name available","chr2:11816929-11817670 FORWARD LENGTH=98"
"175","Dm_00017887-RA","OG0002561","CS pos: 27-28. TTA-NH. Pr: 0.4757","GlIn, Ro","IPR008979, IPR017853, IPR000933","Galactose-binding domain-like, Glycoside hydrolase superfamily, Glycoside hydrolase, family 29",10,"AT2G28100.1","Symbols: ATFUC1, FUC1","alpha-L-fucosidase 1","chr2:11974803-11976489 FORWARD LENGTH=506"
"176","Dm_00017908-RA","OG0000170","CS pos: 25-26. TNG-IA. Pr: 0.7998","GlCo, GlIn","IPR032799, IPR021109, IPR001461, IPR001969, IPR033121, IPR034161, IPR032861","Xylanase inhibitor, C-terminal, Aspartic peptidase domain, Aspartic peptidase A1 family, Aspartic peptidase, active site, Peptidase family A1 domain, Pepsin-like domain, plant, Xylanase inhibitor, N-terminal",3,"AT2G03200.1","Symbols: ASPR1","Atypical Aspartic Protease in Roots 1","chr2:966506-967891 REVERSE LENGTH=461"
"177","Dm_00017930-RA","OG0001079","CS pos: 27-28. SLA-NT. Pr: 0.8343","GlCo, GlIn","IPR018082, IPR012334, IPR011050, IPR002022","AmbAllergen, Pectin lyase fold, Pectin lyase fold/virulence factor, Pectate lyase",3,"AT5G09280.1","Symbols: no symbol available","no full name available","chr5:2880423-2881597 REVERSE LENGTH=297"
"178","Dm_00017962-RA","OG0006986","CS pos: 35-36. ADA-GD. Pr: 0.2051","GlIn","NA","NA",3,"AT2G46000.1","Symbols: no symbol available","no full name available","chr2:18921194-18922047 REVERSE LENGTH=208"
"179","Dm_00018113-RA","OG0000612","CS pos: 32-33. ANA-TL. Pr: 0.2222","GlCo","IPR006501, IPR034088","Pectinesterase inhibitor domain, Pla a 1-like",NA,NA,NA,NA,NA
"180","Dm_00018126-RA","OG0000367","CS pos: 29-30. VQA-SP. Pr: 0.9893","GlCo, GlIn","IPR009646","Root cap",3,"AT5G54370.1","Symbols: no symbol available","no full name available","chr5:22075334-22076567 FORWARD LENGTH=337"
"181","Dm_00018186-RA","OG0000022","CS pos: 41-42. TTP-FP. Pr: 0.4879","GlCo, GlIn","IPR034197, IPR000209, IPR015500, IPR010259, IPR003137","Cucumisin-like catalytic domain, Peptidase S8/S53 domain, Peptidase S8, subtilisin-related, Peptidase S8 propeptide/proteinase inhibitor I9, PA domain",NA,NA,NA,NA,NA
"182","Dm_00018447-RA","OG0000038","CS pos: 18-19. VFG-IK. Pr: 0.5165","GlIn","IPR007021, IPR012337, IPR013087, IPR003656","Domain of unknown function DUF659, Ribonuclease H-like domain, Zinc finger C2H2-type, Zinc finger, BED-type",NA,NA,NA,NA,NA
"183","Dm_00018448-RA","OG0003815","CS pos: 26-27. TSS-SV. Pr: 0.2865","GlIn","IPR008963, IPR015914, IPR004843, IPR029052, IPR025733","Purple acid phosphatase-like, N-terminal, Purple acid phosphatase, N-terminal, Calcineurin-like phosphoesterase domain, ApaH type, Metallo-dependent phosphatase-like, Iron/zinc purple acid phosphatase-like C-terminal domain",3,"AT5G50400.1","Symbols: PAP27, ATPAP27","ARABIDOPSIS THALIANA PURPLE ACID PHOSPHATASE 27, purple acid phosphatase 27","chr5:20523575-20526231 REVERSE LENGTH=611"
"184","Dm_00018762-RA","OG0002176","CS pos: 37-38. VAA-EE. Pr: 0.7074","GlCo, GlIn","IPR008183, IPR011013, IPR014718, IPR015443","Aldose 1-/Glucose-6-phosphate 1-epimerase, Galactose mutarotase-like domain, Glycoside hydrolase-type carbohydrate-binding, Aldose 1-epimerase",3,"AT3G47800.1","Symbols: no symbol available","no full name available","chr3:17634971-17636998 FORWARD LENGTH=358"
"185","Dm_00018769-RA","OG0009535","CS pos: 43-44. CHG-QQ. Pr: 0.7188","GlIn","IPR000719, IPR011009, IPR018392","Protein kinase domain, Protein kinase-like domain, LysM domain",4,"AT2G33580.1","Symbols: AtLYK5, LYK5","LysM-containing receptor-like kinase 5","chr2:14219848-14221842 REVERSE LENGTH=664"
"186","Dm_00018936-RA","OG0000046","CS pos: 30-31. AKG-AN. Pr: 0.4336","Fl, Ro, TrCor","IPR034285, IPR008972, IPR033138, IPR011706, IPR002355, IPR011707, IPR034288, IPR034289","Laccase, second cupredoxin domain, Cupredoxin, Multicopper oxidases, conserved site, Multicopper oxidase, type 2, Multicopper oxidase, copper-binding site, Multicopper oxidase, type 3, Laccase, first cupredoxin domain, Laccase, third cupredoxin domain",NA,NA,NA,NA,NA
"187","Dm_00019156-RA","OG0000123","CS pos: 20-21. ASG-RR. Pr: 0.2870","Gl, GlIn","IPR004312","Arabidopsis retrotransposon Orf1",NA,NA,NA,NA,NA
"188","Dm_00019263-RA","OG0002805","CS pos: 25-26. AQA-VT. Pr: 0.7049","GlIn","IPR007541","Uncharacterised protein family, basic secretory protein",10,"AT2G15220.1","Symbols: no symbol available","no full name available","chr2:6608689-6609366 FORWARD LENGTH=225"
"189","Dm_00019503-RA","OG0000063","CS pos: 25-26. VQA-KV. Pr: 0.9034","GlIn","IPR012334, IPR006626, IPR000743, IPR011050","Pectin lyase fold, Parallel beta-helix repeat, Glycoside hydrolase, family 28, Pectin lyase fold/virulence factor",NA,NA,NA,NA,NA
"190","Dm_00019811-RA","NA","CS pos: 29-30. LHA-AP. Pr: 0.7689","Gl, GlIn","NA","NA",2,NA,NA,NA,NA
"191","Dm_00019935-RA","OG0000113","CS pos: 30-31. SQA-QN. Pr: 0.9408","GlCo, GlIn","IPR001283, IPR034111, IPR014044, IPR018244","Cysteine-rich  secretory protein, allergen V5/Tpx-1-related, Pathogenesis-related protein 1-like, SCP domain, CAP domain, Allergen V5/Tpx-1-related, conserved site",3,"AT2G14580.1","Symbols: ATPRB1, PRB1, AtCAPE7","basic pathogenesis-related protein 1","chr2:6225703-6226188 REVERSE LENGTH=161"
"192","Dm_00020151-RA","OG0000088","CS pos: 22-23. LLA-AP. Pr: 0.3865","GlIn","IPR001878","Zinc finger, CCHC-type",NA,NA,NA,NA,NA
"193","Dm_00020250-RA","OG0000212","CS pos: 28-29. IHG-KL. Pr: 0.8671","Gl, GlIn","IPR019794, IPR010255, IPR002016, IPR000823","Peroxidase, active site, Haem peroxidase, Haem peroxidase, plant/fungal/bacterial, Plant peroxidase",10,"AT5G05340.1","Symbols: PRX52","peroxidase 52","chr5:1579142-1580819 REVERSE LENGTH=324"
"194","Dm_00020469-RA","OG0002541","CS pos: 29-30. SEG-LN. Pr: 0.3165","Ro, TrCor","IPR000719, IPR001611, IPR003591, IPR032675, IPR013210, IPR011009, IPR008271","Protein kinase domain, Leucine-rich repeat, Leucine-rich repeat, typical subtype, Leucine-rich repeat domain, L domain-like, Leucine-rich repeat-containing N-terminal, plant-type, Protein kinase-like domain, Serine/threonine-protein kinase, active site",NA,NA,NA,NA,NA
"195","Dm_00020493-RA","OG0000846","CS pos: 31-32. GSG-QN. Pr: 0.9670","GlCo, GlIn, TrCor","IPR018371, IPR016283, IPR001002, IPR000726, IPR023346","Chitin-binding, type 1, conserved site, Glycoside hydrolase, family 19, Chitin-binding, type 1, Glycoside hydrolase, family 19, catalytic, Lysozyme-like domain",3,"AT3G54420.1","Symbols: ATCHITIV, CHIV, EP3, ATEP3","CHITINASE CLASS IV, homolog of carrot EP3-3 chitinase","chr3:20145935-20147034 FORWARD LENGTH=273"
"196","Dm_00020640-RA","OG0000002","CS pos: 18-19. VLQ-VP. Pr: 0.2128","GlIn, TrIn","NA","NA",NA,NA,NA,NA,NA
"197","Dm_00020663-RA","OG0000053","CS pos: 25-26. GLT-KT. Pr: 0.7259","GlIn","IPR010264","Plant self-incompatibility S1",NA,NA,NA,NA,NA
"198","Dm_00021016-RA","OG0000303","CS pos: 24-25. IES-RL. Pr: 0.6993","Ri, TrCor","IPR001096","Peptidase C13, legumain",3,"AT4G32940.1","Symbols: AEP3, GAMMAVPE, AtLEG gamma, GAMMA-VPE, LEG gamma","gamma vacuolar processing enzyme, asparaginyl endopeptidase 3, legumain gamma","chr4:15900557-15903161 REVERSE LENGTH=494"
"199","Dm_00021064-RA","OG0000369","CS pos: 16-17. SLA-SQ. Pr: 0.3440","GlCo, TrCor","IPR006044, IPR014710, IPR006045, IPR011051","11-S seed storage protein, plant, RmlC-like jelly roll fold, Cupin 1, RmlC-like cupin domain",3,"AT1G03880.1","Symbols: CRB, CRU2","CRUCIFERIN B, cruciferin 2","chr1:985786-987916 FORWARD LENGTH=455"
"200","Dm_00021072-RA","OG0000065","CS pos: 30-31. VSS-SR. Pr: 0.3392","GlCo, GlIn","IPR000668, IPR000169, IPR025661, IPR013128, IPR013201, IPR025660","Peptidase C1A, papain C-terminal, Cysteine peptidase, cysteine active site, Cysteine peptidase, asparagine active site, Peptidase C1A, Cathepsin propeptide inhibitor domain (I29), Cysteine peptidase, histidine active site",3,"AT5G45890.1","Symbols: SAG12, AtSAG12","senescence-associated gene 12","chr5:18613300-18614759 FORWARD LENGTH=346"
